AdaDate,AdaOpen,AdaHigh,AdaLow,AdaClose,AgcDate,AgcOpen,AgcHigh,AgcLow,AgcClose,AlkDate,AlkOpen,AlkHigh,AlkLow,AlkClose,GmmDate,GmmOpen,GmmHigh,GmmLow,GmmClose,IolDate,IolOpen,IolHigh,IolLow,IolClose
22-05-2019,44.2,44.25,42.45,43.95,22-05-2019,101.75,101.95,99.95,101.45,22-05-2019,795,801,770,786.67,22-05-2019,1150,1226,1150,1214,22-05-2019,182.95,182.95,178.05,179.9
23-05-2019,46,47.4,43.05,43.4,23-05-2019,101.9,103.85,98.05,98.8,23-05-2019,801,822.1,780.3,777.13,23-05-2019,1219,1249.9,1212.25,1230.43,23-05-2019,184,191.85,181.5,185.6
24-05-2019,44,44.3,41.5,42.3,24-05-2019,99,108.6,99,107.25,24-05-2019,802.95,805,789,781.16,24-05-2019,1240,1290.05,1228,1269.47,24-05-2019,187.35,209,187,207.85
27-05-2019,42.55,44,42.3,43.15,27-05-2019,116.4,117.7,110,115,27-05-2019,790.45,806.05,789.75,784.21,27-05-2019,1275,1306.9,1255.1,1293.27,27-05-2019,211,227.5,211,225
28-05-2019,43.5,46.6,43.05,45,28-05-2019,113.15,115.4,110,110.75,28-05-2019,818.95,818.95,790.6,781.95,28-05-2019,1305,1372,1289.85,1354.26,28-05-2019,229,232.65,223.1,231.3
29-05-2019,45.2,46,44.2,44.7,29-05-2019,110.55,116.55,110,111.95,29-05-2019,792.4,810.55,790.7,787.06,29-05-2019,1375.9,1397,1344.7,1359.64,29-05-2019,232,233.3,221.1,227.75
30-05-2019,44.9,45.2,44.25,44.6,30-05-2019,112.1,122.9,110,112.15,30-05-2019,875,875,796.05,809.82,30-05-2019,1365.35,1393,1340,1357,30-05-2019,234.7,235,216.5,219.1
31-05-2019,44.8,45,41.95,43.3,31-05-2019,112.05,114.35,110,110.05,31-05-2019,827.1,829.95,819.55,813.26,31-05-2019,1340,1340.05,1249.3,1259.11,31-05-2019,217.9,223.9,212.1,214.15
03-06-2019,43.55,45.1,42.05,44.1,03-06-2019,110.05,112.45,109,110,03-06-2019,820.7,874,819.55,847.22,03-06-2019,1279.9,1292,1234.9,1280.82,03-06-2019,213,216.5,209,213.7
04-06-2019,43.9,46.15,43.6,45.2,04-06-2019,110,116.9,110,114.85,04-06-2019,861,861,832.15,825.2,04-06-2019,1290.85,1290.9,1228.3,1245.12,04-06-2019,211.8,224.95,209.9,221.35
06-06-2019,45.65,45.9,44.15,44.35,06-06-2019,115.35,115.35,109.1,110.35,06-06-2019,847.65,847.65,816,804.51,06-06-2019,1249.9,1300,1235.9,1280.67,06-06-2019,223.45,231,222,223.55
07-06-2019,44.45,44.75,43,43.25,07-06-2019,110,114,110,110.5,07-06-2019,859.95,859.95,818.05,805.84,07-06-2019,1295.9,1397,1278.1,1373.53,07-06-2019,225,226.9,211.6,215.85
10-06-2019,43.95,44.1,42.8,42.9,10-06-2019,110.15,114,110,110,10-06-2019,809,838.1,809,812.47,10-06-2019,1390,1449.8,1362.35,1432.43,10-06-2019,217.5,219.9,211.4,212.4
11-06-2019,42.9,43.15,42,42.55,11-06-2019,109.85,114,106.7,111.55,11-06-2019,817.05,825.95,814.95,807.46,11-06-2019,1450,1490,1449,1459.07,11-06-2019,212,216.5,206.2,210.15
12-06-2019,42.95,43.7,42.95,43.15,12-06-2019,110.05,113,110,110.05,12-06-2019,821.4,825,810,806.67,12-06-2019,1462.15,1474,1429.5,1457.33,12-06-2019,211,215.2,207.1,208.2
13-06-2019,43.3,43.7,42.1,43.4,13-06-2019,110.15,111.85,110,110,13-06-2019,820.55,820.55,801,795.46,13-06-2019,1453.4,1456.15,1428,1443.24,13-06-2019,208.1,209.45,204.8,205.7
14-06-2019,43.2,44.1,42.5,42.6,14-06-2019,110.15,110.6,110,110,14-06-2019,802,826.05,801.95,799.2,14-06-2019,1475.95,1475.95,1410,1414.86,14-06-2019,205.7,206.75,197.5,199.55
17-06-2019,42.3,43.05,41.35,41.65,17-06-2019,110.2,110.9,109.75,110.05,17-06-2019,812.95,824.25,805,795.91,17-06-2019,1437.95,1437.95,1322.2,1330.81,17-06-2019,199.55,199.55,183.3,184.85
18-06-2019,41.65,42.3,40.3,40.8,18-06-2019,110.05,110.05,104.1,107,18-06-2019,799,819,799,802.35,18-06-2019,1320.4,1375,1320.4,1357.55,18-06-2019,186.6,197,186.55,192.3
19-06-2019,40.8,41.9,38.6,39.75,19-06-2019,110.05,111.5,110,110,19-06-2019,815,822,811.05,800.13,19-06-2019,1371.95,1400,1350,1356.25,19-06-2019,195.1,197.8,186.7,187.75
20-06-2019,40.9,42,40.3,40.95,20-06-2019,110.05,111.25,110,111.15,20-06-2019,803,850,803,825.65,20-06-2019,1356.05,1357,1311.15,1338.53,20-06-2019,188,190.8,183.7,189.6
21-06-2019,41.25,42.15,40.6,41.25,21-06-2019,110,113.75,110,112.1,21-06-2019,840,840,809,806.13,21-06-2019,1346.35,1354.75,1320,1318.21,21-06-2019,188,191.8,186.7,188.5
24-06-2019,41.6,41.65,40.45,41.15,24-06-2019,113.9,113.9,108.3,109.55,24-06-2019,816,819.95,802.1,790.06,24-06-2019,1343.75,1343.75,1314.2,1324.09,24-06-2019,190.1,190.95,185,185.55
25-06-2019,40.75,41.95,40.75,41.35,25-06-2019,110.05,111.25,110,110,25-06-2019,809,819.95,803,791.83,25-06-2019,1317.05,1329,1302.2,1305.87,25-06-2019,186,194.45,183.5,191.25
26-06-2019,41.5,41.8,41.1,41.5,26-06-2019,112.9,112.9,110,110.05,26-06-2019,805.45,810,801.2,792.71,26-06-2019,1322.95,1322.95,1302.2,1310,26-06-2019,191.95,194.65,189.1,189.9
27-06-2019,41.6,43.25,41.4,42.35,27-06-2019,110.1,116,109,109.05,27-06-2019,805.35,822,801,802.3,27-06-2019,1321.65,1339.9,1312.05,1326.58,27-06-2019,191,195.6,191,194.5
28-06-2019,42.8,45.75,42.6,44.4,28-06-2019,110.2,111.4,110,110,28-06-2019,811,825,810.1,806.23,28-06-2019,1342,1355,1322,1346.4,28-06-2019,195.9,211.8,194.65,209.85
01-07-2019,44.95,46.1,44.45,45.5,01-07-2019,111.65,115.15,108.1,111.9,01-07-2019,830,837,808.05,817.53,01-07-2019,1360.95,1398,1340,1375.87,01-07-2019,214,226.5,209.6,224.45
02-07-2019,45.75,52.15,45.65,50.2,02-07-2019,113.85,113.85,110,110,02-07-2019,824,834.95,820.2,814,02-07-2019,1399.8,1399.8,1350.3,1356.11,02-07-2019,226,227.8,218.15,220
03-07-2019,50.75,54,50.5,52,03-07-2019,110.2,112.15,110,110.05,03-07-2019,820,841,820,825.25,03-07-2019,1350.3,1372.75,1350,1361.83,03-07-2019,221.7,223.35,210.5,211.6
04-07-2019,52.5,53.4,50.25,51.05,04-07-2019,110.35,116.65,110,115.6,04-07-2019,845,848,830.55,822.06,04-07-2019,1370.95,1378.05,1338,1336.99,04-07-2019,212,217.45,210.1,213.45
05-07-2019,51.45,52.2,46.8,47.6,05-07-2019,119.75,119.75,111.25,112.85,05-07-2019,840,843,815,809.33,05-07-2019,1345.95,1362.05,1319.95,1331.71,05-07-2019,214.4,215.3,203.85,205.4
08-07-2019,47,47,44,44.85,08-07-2019,111,114.3,111,111.5,08-07-2019,815,824.05,806,805.93,08-07-2019,1310,1344.05,1302,1305.92,08-07-2019,201.05,202.3,193.5,197.35
09-07-2019,44.7,51.8,43.25,49.6,09-07-2019,110,110.45,98,104,09-07-2019,806,829.95,806,806.13,09-07-2019,1317.95,1332,1278.15,1299.64,09-07-2019,197,202.7,193.95,198.6
10-07-2019,50.2,53,48.1,49.1,10-07-2019,104.55,109.6,97.5,105.05,10-07-2019,820,830.5,801,807.11,10-07-2019,1329.9,1329.9,1255.2,1258.32,10-07-2019,198.5,209,197.3,205.1
11-07-2019,49.55,50.7,48.25,49.45,11-07-2019,102.05,104.8,100.1,101.1,11-07-2019,829,829,812.05,801.02,11-07-2019,1257.5,1289,1240,1272.11,11-07-2019,207,209.8,202,203
12-07-2019,49.75,50.8,49,49.55,12-07-2019,105.3,105.3,100.15,100.45,12-07-2019,802,820,802,806.03,12-07-2019,1273.05,1294.05,1260,1271.01,12-07-2019,203.5,203.5,196.85,199.8
15-07-2019,49.9,51.1,48.1,48.5,15-07-2019,106,109.85,99.15,104.15,15-07-2019,811,825.25,811,801.26,15-07-2019,1283.05,1283.9,1252.2,1252.39,15-07-2019,199.8,202.9,198,200
16-07-2019,48.9,49.85,48,49.2,16-07-2019,104.3,106,104.3,105,16-07-2019,805.5,817.9,805,798.51,16-07-2019,1259,1281.95,1252.2,1252.99,16-07-2019,201.1,203.8,198.8,201.05
17-07-2019,49.4,50,48.2,48.45,17-07-2019,101.35,109.85,98.15,108.9,17-07-2019,804,820,804,798.12,17-07-2019,1281.55,1342.85,1259.95,1322.45,17-07-2019,200.5,218.2,200.5,213.65
18-07-2019,48.3,49.75,46.95,47.5,18-07-2019,109.8,109.85,104.1,105,18-07-2019,807,813.05,783.3,777.82,18-07-2019,1328,1364.9,1312.25,1341.12,18-07-2019,217,221.35,212.5,213.8
19-07-2019,48,48.15,45.2,45.8,19-07-2019,101.8,103.35,100.35,102,19-07-2019,785.1,801,785.1,780.28,19-07-2019,1344,1349,1262.2,1273.65,19-07-2019,214.25,217.4,202.9,203.95
22-07-2019,45.5,47.45,44.7,46.8,22-07-2019,100.4,104,94,95.5,22-07-2019,786.1,811.95,778,778.01,22-07-2019,1277,1321.2,1262.2,1273.8,22-07-2019,204,207.8,199.75,200.75
23-07-2019,46.9,49.35,46.7,48.8,23-07-2019,95,95,93.25,93.4,23-07-2019,781.1,806.95,770,762.04,23-07-2019,1279.65,1315,1270,1299.84,23-07-2019,202.45,205.9,201.25,202.8
24-07-2019,49.4,49.5,48.25,48.45,24-07-2019,100,100,90.35,91.5,24-07-2019,775.1,786.9,735.05,756.78,24-07-2019,1317.9,1318,1281.1,1294.56,24-07-2019,204.6,205.7,200.1,200.75
25-07-2019,48.35,49.4,48.35,48.8,25-07-2019,91.55,94.7,83,87.25,25-07-2019,761.1,776.9,751.65,745.08,25-07-2019,1300,1310.95,1270.05,1271.26,25-07-2019,200,204,196.75,197.25
26-07-2019,48.8,50.35,48.2,49.6,26-07-2019,87.25,89.75,86,88.95,26-07-2019,745.1,769.4,745.1,759.29,26-07-2019,1317.95,1317.95,1245,1246.27,26-07-2019,197.95,203.45,196.8,200.45
29-07-2019,49.05,50.05,48.55,48.8,29-07-2019,94.9,95.8,82.05,85.25,29-07-2019,751.1,779.95,736.05,751.74,29-07-2019,1251.5,1275.4,1230,1230.78,29-07-2019,200.65,202.3,196.2,198.1
30-07-2019,49,49.2,46,46.4,30-07-2019,87,90,85,85,30-07-2019,756,771,726,724.37,30-07-2019,1216.05,1242.4,1166,1167.35,30-07-2019,199.6,201.55,191.75,192.6
31-07-2019,45.6,47.8,45.4,46.8,31-07-2019,85,87.5,82.45,86.1,31-07-2019,725,729.9,692.55,708.67,31-07-2019,1175,1204.9,1165,1193.74,31-07-2019,191.05,196.6,191.05,195.5
01-08-2019,46,47.75,45.1,45.6,01-08-2019,85,85,80.5,81.45,01-08-2019,705.05,710.05,671.35,688,01-08-2019,1211.4,1211.4,1160,1194.09,01-08-2019,194.5,203.7,193.15,195.75
02-08-2019,45.4,48.15,45,46.85,02-08-2019,76.1,83.9,76.1,78.8,02-08-2019,681,691,653.05,684.13,02-08-2019,1199,1220,1161,1206.53,02-08-2019,195.95,198.8,193,194.2
05-08-2019,46.1,47.7,45.1,45.8,05-08-2019,82.4,82.4,77.2,80,05-08-2019,665.05,719,665.05,692.12,05-08-2019,1212,1239.1,1170,1219.58,05-08-2019,191,191.7,182.3,190.3
06-08-2019,45.95,48.15,45.5,47.5,06-08-2019,78.05,80,77.6,78.95,06-08-2019,691.05,835.9,691.05,804,06-08-2019,1191.1,1222.55,1178.5,1199.74,06-08-2019,189.85,206.95,189,201.1
07-08-2019,47.65,49.35,47.2,47.8,07-08-2019,77.45,81,77.3,78.7,07-08-2019,809,823,756.15,772.7,07-08-2019,1227.6,1260,1208.15,1236.62,07-08-2019,201.2,208,200.8,202.3
08-08-2019,48.5,49.4,46.7,47.35,08-08-2019,78.7,86,78.7,81.2,08-08-2019,775.25,793.05,766.55,775.48,08-08-2019,1247.95,1270,1220.25,1256.69,08-08-2019,204.45,213.05,203.4,208.65
09-08-2019,47.45,48.1,46.05,46.4,09-08-2019,78,86.4,77.1,83.55,09-08-2019,788.8,800.35,780.2,787.36,09-08-2019,1273.9,1315,1246,1303.76,09-08-2019,210.65,212.8,201.5,205.05
13-08-2019,47,47.4,45.9,46.5,13-08-2019,84,84.2,76.3,78.4,13-08-2019,810.2,824.7,770,766.94,13-08-2019,1340,1366.1,1275.25,1283.59,13-08-2019,201,201,188.05,189
14-08-2019,46.5,47,46.3,46.6,14-08-2019,83.95,84,71.95,75,14-08-2019,794,794,760.1,758.2,14-08-2019,1319.95,1344,1280.25,1321.73,14-08-2019,188.2,195,188,190.2
16-08-2019,45.2,47.65,45.2,46.85,16-08-2019,80,90,80,90,16-08-2019,740,760,731.2,745.63,16-08-2019,1324.05,1360,1324.05,1339,16-08-2019,192.45,192.45,185.35,186.7
19-08-2019,47.3,47.4,46.1,46.35,19-08-2019,107,108,103,108,19-08-2019,743.95,763,743,749.5,19-08-2019,1341.3,1390,1341.3,1364.2,19-08-2019,188.5,192.2,184.25,186.05
20-08-2019,46.3,46.65,45.4,45.8,20-08-2019,115,129.6,115,129.45,20-08-2019,757.95,760,726.35,725.56,20-08-2019,1379.95,1398,1365,1390.56,20-08-2019,187.3,188.35,183.6,184.35
21-08-2019,45.9,45.9,43.8,44.1,21-08-2019,127.45,130.8,116.65,128.05,21-08-2019,739.95,739.95,696,703,21-08-2019,1390,1405,1376.15,1396.55,21-08-2019,187,191.45,184.6,186.1
22-08-2019,43.6,44.5,43.2,43.5,22-08-2019,121.95,129.7,119,127.05,22-08-2019,715.05,720.35,681.35,705.29,22-08-2019,1385.05,1404.95,1375,1386.66,22-08-2019,187.65,189.75,182.5,183.85
23-08-2019,43,44,42.75,43.85,23-08-2019,126.95,127.45,117.7,125.25,23-08-2019,709,733,700,725.71,23-08-2019,1390,1417,1375.05,1404.9,23-08-2019,183.25,184,171.65,176.6
26-08-2019,45,45,42.5,43.65,26-08-2019,126,127,119,120.4,26-08-2019,740.05,749.85,716.5,735.1,26-08-2019,1415,1459,1390.15,1445.15,26-08-2019,182,182.8,171.1,178.55
27-08-2019,43.55,45.5,43.5,44.95,27-08-2019,124.65,128,117.3,126.6,27-08-2019,750,750,735,743.44,27-08-2019,1469.65,1483,1450.85,1474.13,27-08-2019,180,183.9,178.9,181.2
28-08-2019,45,45.2,43.5,44.05,28-08-2019,125,125,115.35,117.35,28-08-2019,749.6,753.85,740,747.57,28-08-2019,1451.05,1520,1450,1510.39,28-08-2019,182,184.8,180.8,181.6
29-08-2019,44.15,44.3,43,43.4,29-08-2019,111.5,115.95,111.5,112.6,29-08-2019,755,758,744,748.26,29-08-2019,1513,1525,1495,1499.2,29-08-2019,180.9,182.7,171.6,179.9
30-08-2019,46,47.85,45.5,46.4,30-08-2019,108.4,116.85,108.4,109.65,30-08-2019,758,768.9,755,756.81,30-08-2019,1502,1506.95,1471.1,1472.88,30-08-2019,177.55,180.15,175.15,177.85
03-09-2019,46,46.2,43.5,44.45,03-09-2019,114.9,114.9,109,109.25,03-09-2019,768,768,738.1,749.3,03-09-2019,1470,1474,1421,1436.16,03-09-2019,176.75,177.75,172.9,173.3
04-09-2019,44.8,44.8,43.5,43.85,04-09-2019,109,113,109,109.95,04-09-2019,750,781,750,769.08,04-09-2019,1401,1428.95,1401,1409.24,04-09-2019,173.8,173.9,165.2,166.3
05-09-2019,44.15,45.9,44.15,45.05,05-09-2019,110.2,114.35,109,112.25,05-09-2019,775,785.35,762.7,761.77,05-09-2019,1430.95,1437.95,1401.05,1402.9,05-09-2019,168.75,169.8,165.2,166.2
06-09-2019,45.25,45.8,44.75,45.1,06-09-2019,114,114,110,110.45,06-09-2019,770.8,775,764.8,762.17,06-09-2019,1405.05,1450,1405,1423.03,06-09-2019,167.85,173.9,167.25,170.7
09-09-2019,45.45,45.9,45,45.5,09-09-2019,109,115.9,109,112.05,09-09-2019,774.95,800,765,783.43,09-09-2019,1419.95,1435,1384.05,1408.74,09-09-2019,172,177.8,171.35,176
11-09-2019,45.55,49.1,45.5,48.3,11-09-2019,114.45,117.5,110.1,114.3,11-09-2019,792.1,797,785.2,783.58,11-09-2019,1429.95,1475,1406,1452.75,11-09-2019,177.5,190.95,177.5,187.75
12-09-2019,49.05,50.25,48.4,48.9,12-09-2019,115,120,111,119.6,12-09-2019,796.05,796.05,777.25,785.07,12-09-2019,1460,1478,1447,1463.84,12-09-2019,189.8,193.05,184,185.35
13-09-2019,49.25,50.6,48,50.25,13-09-2019,114,125.55,114,123.25,13-09-2019,795.95,799,784.4,784.43,13-09-2019,1480,1490,1464,1471.03,13-09-2019,184,187.2,182,184
16-09-2019,49.95,57.5,49.85,55.55,16-09-2019,123.25,123.25,117.25,120.55,16-09-2019,788,798,783.35,786.31,16-09-2019,1478,1521,1459.55,1497.3,16-09-2019,182,185.55,179.5,183.65
17-09-2019,55.9,57.2,53.35,54.85,17-09-2019,114.6,123,114.6,117.5,17-09-2019,791,804,772,781.15,17-09-2019,1484,1514,1475.6,1493.86,17-09-2019,183.8,189.7,180.1,181.9
18-09-2019,55.6,55.7,52,53.05,18-09-2019,117.5,121,112.05,120.75,18-09-2019,785.9,794.9,775.05,781.4,18-09-2019,1508,1508,1471.05,1481.77,18-09-2019,184.25,185,179,180.7
19-09-2019,53.1,53.3,48.85,50.15,19-09-2019,115,120,115,120,19-09-2019,786.45,786.45,770.1,766.69,19-09-2019,1490,1534.7,1475.65,1524.43,19-09-2019,182.15,182.35,175,176.6
20-09-2019,50.5,53.4,49.2,51.6,20-09-2019,115.55,125,115.55,116.55,20-09-2019,771.9,791.5,770,784.48,20-09-2019,1525.95,1547,1491,1518.38,20-09-2019,179.05,186.7,172.55,183.5
23-09-2019,52.5,54.5,51.7,52.2,23-09-2019,111.55,122.3,111.55,120,23-09-2019,800,869,800,844.59,23-09-2019,1555,1558,1500,1525.13,23-09-2019,186.4,198.7,186.4,191.1
24-09-2019,52,53.5,51.3,52.7,24-09-2019,120,121,115.5,120,24-09-2019,862.3,862.35,822,821.09,24-09-2019,1526.65,1526.65,1475,1503.65,24-09-2019,192.7,192.8,184,185.35
25-09-2019,52.6,53.85,51.4,52.55,25-09-2019,120,124,114,118.55,25-09-2019,826.4,840,822.15,823.77,25-09-2019,1518.95,1518.95,1476.1,1497.25,25-09-2019,185.05,187.75,178.75,182.7
26-09-2019,52.6,60.45,52.1,59.15,26-09-2019,112.8,121,112.8,120,26-09-2019,832.05,880,825,867.94,26-09-2019,1504.05,1534.05,1492.25,1494.86,26-09-2019,184.3,185.1,182.05,183.45
27-09-2019,59.15,60.05,56,57.35,27-09-2019,117,121.1,117,120.05,27-09-2019,875,897,861.2,862.32,27-09-2019,1480.2,1525.1,1476,1486.21,27-09-2019,183.05,184.45,177.65,179.25
30-09-2019,57.55,61.45,55.8,58.25,30-09-2019,114.3,123.9,114.25,115.2,30-09-2019,871.95,880,861.65,874.25,30-09-2019,1520,1520,1470.15,1495.85,30-09-2019,178.95,184.45,175.55,183.2
01-10-2019,58.75,59.3,55.9,56.5,01-10-2019,111.1,120.95,111.1,116.55,01-10-2019,889.85,890,867.65,868.53,01-10-2019,1520,1526,1488,1503.55,01-10-2019,185.05,186.9,176,177.5
03-10-2019,56.7,63.25,55,61.2,03-10-2019,118.95,119,113.35,118.35,03-10-2019,853.05,879.9,849,849.85,03-10-2019,1500,1517,1470,1491.51,03-10-2019,175.5,176,171.5,172.2
04-10-2019,61.85,66,61.2,65.15,04-10-2019,115,119.5,115,115.85,04-10-2019,862.6,877,860,866.05,04-10-2019,1508,1513,1481,1495.75,04-10-2019,173.15,175.7,170.5,171.45
07-10-2019,65.45,68.7,62.6,68.05,07-10-2019,115.85,115.85,113.05,113.1,07-10-2019,879.9,879.9,850,855.07,07-10-2019,1504,1518.9,1316.2,1482.87,07-10-2019,172.3,175,167.1,168.2
09-10-2019,68.3,74.3,67.5,71.45,09-10-2019,113,113,110.55,110.55,09-10-2019,862.75,868.95,861.4,858.25,09-10-2019,1484.35,1500,1480.05,1496.7,09-10-2019,168.95,173.95,165.45,169.75
10-10-2019,71.4,74.5,70.55,73.8,10-10-2019,115,115,115,115,10-10-2019,869.85,879.9,841.9,848.11,10-10-2019,1490.05,1514.95,1490.05,1500.3,10-10-2019,169.5,171.3,166.1,167.4
11-10-2019,74.6,79.35,74.2,78.75,11-10-2019,112,114.95,109.5,114.95,11-10-2019,867.95,867.95,827.5,830.08,11-10-2019,1510,1510,1483.15,1485.26,11-10-2019,168,173.75,168,172.05
14-10-2019,79.45,81.25,72.2,79.15,14-10-2019,109.3,118.4,109.3,112.25,14-10-2019,833,844.65,827.45,829.83,14-10-2019,1500,1513.5,1480.05,1483.17,14-10-2019,173.8,173.95,167.05,167.65
15-10-2019,79.8,81.2,77.75,79.95,15-10-2019,107.45,114.95,107.45,112.6,15-10-2019,839.95,840,825,832.76,15-10-2019,1503.95,1503.95,1453,1468.23,15-10-2019,169,175.8,167.65,174.35
16-10-2019,80.6,81,79.3,80.25,16-10-2019,108,113.9,108,109,16-10-2019,849.95,850,831.65,829.29,16-10-2019,1487.95,1490,1425,1447.75,16-10-2019,175.7,180.7,175.1,177.2
17-10-2019,80.45,92.9,80.25,88.85,17-10-2019,109.1,114.4,109.1,109.35,17-10-2019,837.95,842,834,833.61,17-10-2019,1450,1499,1418,1439.91,17-10-2019,177.2,179.7,174.6,175.9
18-10-2019,89,93,88,89.6,18-10-2019,114.4,114.4,109,114.2,18-10-2019,836.1,880,835,862.32,18-10-2019,1441,1450,1410,1419.28,18-10-2019,175.9,176.9,171.2,172.1
22-10-2019,90,91.25,84,86.6,22-10-2019,115,115.95,112.25,115.95,22-10-2019,874.95,937.7,869,886.91,22-10-2019,1441,1441,1405.55,1410.14,22-10-2019,173.25,177.5,172.2,173.85
23-10-2019,86.55,89.8,85,86.65,23-10-2019,110.55,117.55,110.55,113.15,23-10-2019,895.5,916.45,888.05,906.64,23-10-2019,1416,1450.3,1416,1434.92,23-10-2019,174.6,176.8,173.5,174.2
24-10-2019,87.35,87.75,85.1,86.15,24-10-2019,114,116,107.5,115.35,24-10-2019,926.95,929.9,906.1,916.97,24-10-2019,1453.95,1460,1410,1421.43,24-10-2019,175.2,176.65,171.65,172.4
25-10-2019,85.9,93.1,85,88.95,25-10-2019,118.85,118.85,111,115.85,25-10-2019,922.05,922.05,908,911.9,25-10-2019,1446.85,1446.85,1418.1,1423.78,25-10-2019,172.95,174.55,171.05,172.75
29-10-2019,90.35,92.7,87.1,89.5,29-10-2019,112,118.4,112,115,29-10-2019,920,929.95,905.05,918.51,29-10-2019,1467.85,1474,1420,1422.83,29-10-2019,190,193.5,183.05,183.85
30-10-2019,89.6,92,89.5,89.9,30-10-2019,112,116.95,112,112.05,30-10-2019,923.75,923.9,870.3,874.35,30-10-2019,1430.95,1443.55,1415,1426.42,30-10-2019,184.4,190.8,183,184.95
31-10-2019,90.55,91.75,88.6,89.7,31-10-2019,111,115.95,110.25,113.4,31-10-2019,893,900.1,875,882,31-10-2019,1428,1440,1411.5,1427.02,31-10-2019,185.8,192.7,184.55,188.45
01-11-2019,90.25,91,88.1,89.95,01-11-2019,110.1,115.75,110.1,114.95,01-11-2019,878.25,894.7,865,863.96,01-11-2019,1415,1434,1352.65,1371.03,01-11-2019,188.9,203.4,188.9,197.65
04-11-2019,89.7,95.85,89.6,92.65,04-11-2019,118.9,119,112.05,112.55,04-11-2019,883,894,880,885.87,04-11-2019,1372.4,1414,1370,1400.5,04-11-2019,199.8,207.7,199.8,205.25
05-11-2019,93.2,93.6,90.1,90.7,05-11-2019,116,116.45,112.5,112.5,05-11-2019,913.95,914,882.1,883.59,05-11-2019,1401.9,1438,1398.95,1426.07,05-11-2019,207,211,200.75,203.4
06-11-2019,90,92.2,89.15,90.3,06-11-2019,110,118,110,111.35,06-11-2019,893,987.6,883.7,946.38,06-11-2019,1442,1459.9,1431.55,1434.32,06-11-2019,203.5,206.7,200.25,201.45
07-11-2019,90.4,91.2,88.3,88.7,07-11-2019,111.65,116.9,111.65,116.8,07-11-2019,962.00,1015.00,945.30,992.23,07-11-2019,1458,1486,1439.95,1458.79,07-11-2019,202.6,202.8,195.05,198.3
08-11-2019,88.8,89.6,83.6,86.7,08-11-2019,112.15,122.5,112.15,119.95,08-11-2019,1003.90,1074.95,992.30,1008.68,08-11-2019,1475.6,1515.95,1445.4,1449.15,08-11-2019,197.95,204.8,197.1,200.4
11-11-2019,86.8,95.25,85.2,93.85,11-11-2019,120,125.9,117,124.6,11-11-2019,1021.00,1044.90,1012.95,1032.97,11-11-2019,1460,1490,1445.75,1452.85,11-11-2019,202,211.9,201.2,210.4
13-11-2019,95,99.8,94,96,13-11-2019,118.4,127,118.4,121.45,13-11-2019,1025.00,1033.95,1006.65,1002.81,13-11-2019,1489,1555,1475,1543.61,13-11-2019,212,212.5,202.15,202.8
14-11-2019,96.7,98.5,93.5,95.05,14-11-2019,120,122.2,120,120.55,14-11-2019,1008.95,1048.30,995.00,1013.00,14-11-2019,1575,1674.9,1545,1639.91,14-11-2019,202.05,204.4,195.4,196.5
15-11-2019,95.4,96.7,94.5,95.5,15-11-2019,126,126.55,126,126.55,15-11-2019,1021.95,1030.00,1015.00,1009.17,15-11-2019,1654,1727.5,1653.95,1703.74,15-11-2019,197,201.4,182.15,186.05
18-11-2019,95.95,96,93.65,94.05,18-11-2019,132.85,132.85,123.7,123.9,18-11-2019,1029.00,1035.00,1006.00,1001.27,18-11-2019,1730,1770,1710,1730.92,18-11-2019,186,188.7,179.55,180.9
19-11-2019,94.05,97.6,92,96.2,19-11-2019,118.05,130,118.05,127.95,19-11-2019,1018.00,1030.00,1005.00,1010.51,19-11-2019,1747,1750,1660,1687.99,19-11-2019,180,187.45,179.2,182.85
20-11-2019,96.8,100.9,95.6,98.75,20-11-2019,129.9,129.9,123,123.7,20-11-2019,1019.95,1038.45,985.10,1008.38,20-11-2019,1680,1680,1620.05,1624.97,20-11-2019,183.9,184.4,180.3,180.8
21-11-2019,98.65,99.2,96.3,97,21-11-2019,123,125,123,123.05,21-11-2019,1006.00,1028.00,1006.00,1009.92,21-11-2019,1625,1710.95,1623,1673.8,21-11-2019,180.8,182,176.6,177.3
22-11-2019,97.45,106.7,95.3,106.7,22-11-2019,120.5,128.6,117.5,118.7,22-11-2019,1017.00,1024.80,1011.10,1010.86,22-11-2019,1694.45,1730,1660,1681.44,22-11-2019,178.45,180.95,176.25,178.65
25-11-2019,107.7,117.3,106.7,114.3,25-11-2019,122.9,124.5,115.1,120.15,25-11-2019,1025.00,1029.90,1000.85,1009.77,25-11-2019,1730,1730,1665,1672.9,25-11-2019,179,180,176,176.45
26-11-2019,114.5,118.85,110.85,115.15,26-11-2019,124.25,125.1,116.4,118.05,26-11-2019,1032.60,1055.00,1021.25,1035.70,26-11-2019,1680,1688.15,1651.15,1655.95,26-11-2019,177.55,178.8,175,175.45
27-11-2019,115.8,126.65,115.4,125.9,27-11-2019,116.05,123.95,116.05,123.95,27-11-2019,1042.40,1107.45,1032.00,1063.17,27-11-2019,1678.4,1678.4,1621.5,1627.37,27-11-2019,176,181,175.75,178.4
28-11-2019,127.25,132.15,127.25,132.15,28-11-2019,120.05,125,120.05,125,28-11-2019,1077.80,1088.50,1062.15,1067.79,28-11-2019,1628,1659,1628,1650.91,28-11-2019,179.25,179.85,175.7,176.3
29-11-2019,136,138.75,132.35,137.1,29-11-2019,125,126,123,125.95,29-11-2019,1070.00,1077.00,1055.05,1064.81,29-11-2019,1652,1681.95,1622.05,1652.91,29-11-2019,176.45,177,173,173.7
02-12-2019,138,138.7,130.25,131.3,02-12-2019,131.95,131.95,120.3,121,02-12-2019,1077.00,1077.00,1065.00,1059.90,02-12-2019,1650,1669.95,1611,1628.21,02-12-2019,174.5,175,170.05,170.8
03-12-2019,132,132,124.75,124.75,03-12-2019,121.1,121.4,118,121,03-12-2019,1068.00,1068.00,1042.10,1048.37,03-12-2019,1629,1648.6,1605,1622.32,03-12-2019,171.4,177.8,170,174.95
04-12-2019,119.55,130.95,118.55,128.55,04-12-2019,115.1,125,115.1,121.25,04-12-2019,1069.95,1070.00,1053.95,1057.26,04-12-2019,1601,1669.15,1601,1642.31,04-12-2019,174,174,170.55,171.75
05-12-2019,129,133.95,128.6,129.95,05-12-2019,122.4,127,118.1,125.1,05-12-2019,1066.05,1071.20,1050.00,1053.19,05-12-2019,1648,1664,1635,1645.31,05-12-2019,172.7,173,170.35,170.85
06-12-2019,129.6,131.25,123.5,126.4,06-12-2019,125,128,124,124,06-12-2019,1064.95,1065.00,1025.05,1025.42,06-12-2019,1649.85,1659.45,1628.3,1637.36,06-12-2019,171.5,172,168.5,168.95
09-12-2019,125.3,126.25,121.05,124.65,09-12-2019,124,128,123,123,09-12-2019,1043.00,1045.00,1018.80,1026.31,09-12-2019,1645,1679.8,1618,1654.9,09-12-2019,169,169.7,165,165.35
10-12-2019,124.35,129,123.65,126.9,10-12-2019,123,128,123,125,10-12-2019,1047.95,1047.95,1000.10,1009.72,10-12-2019,1669.9,1672,1635,1641.96,10-12-2019,165.35,168.4,162.1,162.4
11-12-2019,128,133.2,127.2,132.55,11-12-2019,125.4,129.95,125,125.05,11-12-2019,1026.85,1026.85,1001.25,1002.07,11-12-2019,1655,1655,1621.05,1629.61,11-12-2019,163.25,168.8,162.1,165.3
12-12-2019,134.2,135.5,129.15,131.9,12-12-2019,125,130,125,129.45,12-12-2019,1019.70,1022.00,1005.00,1009.42,12-12-2019,1639.9,1665,1630.5,1649.36,12-12-2019,164.6,167.9,164.05,165.05
13-12-2019,131.9,135.5,131.5,132.65,13-12-2019,125.45,130,125.45,128.3,13-12-2019,1029.85,1044.95,1015.00,1024.47,13-12-2019,1658.9,1670,1613.1,1621.17,13-12-2019,166.05,172.7,166.05,169.65
16-12-2019,133.3,137.9,132.7,134.4,16-12-2019,130.8,131,129,129.95,16-12-2019,1035.00,1047.00,1031.00,1038.58,16-12-2019,1627.95,1659,1608.8,1628.66,16-12-2019,170.6,174.5,170.5,171.95
17-12-2019,135,137,134.55,135.55,17-12-2019,127.6,130.85,127.55,130.1,17-12-2019,1064.00,1064.00,1040.05,1048.67,17-12-2019,1615.3,1649.15,1615.3,1623.17,17-12-2019,172.95,173.35,168.5,171.55
18-12-2019,136.3,137.3,134,135.1,18-12-2019,127.1,130.5,127,130.25,18-12-2019,1057.95,1079.00,1052.45,1054.08,18-12-2019,1623.8,1739.9,1623.8,1707.83,18-12-2019,173,173.55,168.05,168.85
19-12-2019,134.95,135.45,133.05,134.25,19-12-2019,131.4,131.5,128.15,130.5,19-12-2019,1060.85,1095.50,1060.85,1080.26,19-12-2019,1709,1735.5,1691.15,1722.88,19-12-2019,169.5,170.85,168,169.15
20-12-2019,134.75,136.4,134.1,135.1,20-12-2019,129.9,131.95,128.25,130.1,20-12-2019,1094.80,1094.80,1077.05,1081.21,20-12-2019,1730,1765,1724,1758.66,20-12-2019,169.15,170.35,167.75,168.3
23-12-2019,135.1,141.85,134.75,141.85,23-12-2019,131.3,132,128.5,131.6,23-12-2019,1098.00,1098.00,1055.00,1060.69,23-12-2019,1766.95,1838,1766,1825.64,23-12-2019,168.2,171,168,169.45
24-12-2019,146.45,148.9,145.1,148.9,24-12-2019,131.7,135.8,131.25,134.6,24-12-2019,1067.95,1068.00,1035.25,1035.01,24-12-2019,1839.9,1877,1818,1872.07,24-12-2019,170.6,170.6,167.1,167.95
26-12-2019,156.3,156.3,156.25,156.3,26-12-2019,135.35,141.3,131.55,141.3,26-12-2019,1064.60,1064.60,1026.15,1047.87,26-12-2019,1890,1908,1850,1866.67,26-12-2019,167.9,169.7,165.35,166.75
27-12-2019,159.4,164.1,149.25,151,27-12-2019,140.25,148.35,140.25,146.85,27-12-2019,1057.70,1070.00,1054.00,1062.18,27-12-2019,1874,1874,1806.25,1833.03,27-12-2019,167,168.2,165.35,165.75
30-12-2019,153.7,158.55,152.45,158.55,30-12-2019,147,154.15,147,152.5,30-12-2019,1097.05,1097.30,1060.85,1070.38,30-12-2019,1840,1904.95,1835,1855.73,30-12-2019,166.95,176.9,165.45,174.85
31-12-2019,166.45,166.45,161.1,166.45,31-12-2019,152,155,144.9,144.9,31-12-2019,1070.05,1093.70,1070.05,1078.03,31-12-2019,1857.05,1895,1857.05,1870.82,31-12-2019,174.85,179.8,173,174.1
01-01-2020,169.35,174.75,168.1,174.75,01-01-2020,150.15,150.15,140.2,145.05,01-01-2020,1101.00,1134.75,1087.80,1093.33,01-01-2020,1887.7,1895,1865.1,1873.72,01-01-2020,174.1,175.3,170.5,171.3
02-01-2020,179.15,183.45,177.55,183.45,02-01-2020,150,150,141.5,144.8,02-01-2020,1118.60,1199.00,1105.15,1156.72,02-01-2020,1887.6,1889.95,1843.65,1863.62,02-01-2020,172,176.85,170.35,174.3
03-01-2020,187.8,192.6,183,192.6,03-01-2020,149.95,149.95,142.75,145.25,03-01-2020,1173.55,1198.30,1152.65,1155.63,03-01-2020,1877.95,1877.95,1852,1865.22,03-01-2020,173.5,180,172.05,174.95
06-01-2020,200,202.2,185.55,200.6,06-01-2020,146.05,146.35,142.65,146.05,06-01-2020,1165.00,1174.00,1130.40,1134.91,06-01-2020,1865.95,1870,1815.05,1828.49,06-01-2020,173,173.7,167.8,168.25
07-01-2020,208,210.6,203,210.6,07-01-2020,146.95,148.9,144.55,147.55,07-01-2020,1145.10,1250.00,1145.10,1233.67,07-01-2020,1828.1,1872.35,1828.1,1852.38,07-01-2020,169.3,171.75,169.05,170.15
08-01-2020,215.8,221.1,214.45,221.1,08-01-2020,148.6,151.4,143.4,150,08-01-2020,1228.00,1250.00,1210.00,1227.01,08-01-2020,1830,1868.9,1821,1857.23,08-01-2020,167.75,171,166,167.75
09-01-2020,232.15,232.15,232.15,232.15,09-01-2020,154,154,145.1,151,09-01-2020,1250.00,1275.00,1236.00,1253.34,09-01-2020,1885,1966.55,1870,1956.74,09-01-2020,170.2,174.9,169.45,172.3
10-01-2020,243.75,243.75,220.55,220.55,10-01-2020,151.1,158.55,151.05,158.55,10-01-2020,1275.00,1275.00,1231.00,1248.23,10-01-2020,1978.5,1980.05,1890,1903.71,10-01-2020,172.95,177.65,171,171.55
13-01-2020,209.55,209.55,209.55,209.55,13-01-2020,164.75,166.45,155.7,166.45,13-01-2020,1260.10,1267.95,1240.00,1237.50,13-01-2020,1895,1985,1895,1979.43,13-01-2020,170.25,175.7,170.25,171.95
14-01-2020,199.1,199.1,199.1,199.1,14-01-2020,174.75,174.75,170.15,174.75,14-01-2020,1245.00,1275.00,1244.80,1261.74,14-01-2020,1994.6,2024,1975.1,1993.52,14-01-2020,173.05,176,173,173.6
15-01-2020,189.15,189.15,189.15,189.15,15-01-2020,183.45,183.45,183.45,183.45,15-01-2020,1275.00,1283.00,1256.05,1272.72,15-01-2020,1999.8,2008.15,1980.75,1987.62,15-01-2020,174.4,177,173.3,176
16-01-2020,179.7,179.7,179.7,179.7,16-01-2020,192.6,192.6,174.3,192.6,16-01-2020,1277.00,1300.00,1277.00,1288.12,16-01-2020,2005.95,2009.2,1990,2001.42,16-01-2020,177.4,184.5,176.25,183.6
17-01-2020,175.1,188.65,172.3,188.65,17-01-2020,199,202.2,198.95,202.2,17-01-2020,1294.95,1300.00,1278.00,1278.63,17-01-2020,2012.6,2243,2011.65,2206.04,17-01-2020,184,188.5,181.4,183.2
20-01-2020,198.05,198.05,185,198.05,20-01-2020,212.3,212.3,212.3,212.3,20-01-2020,1275.00,1298.95,1270.10,1264.32,20-01-2020,2250,2250,2160,2196.04,20-01-2020,184.65,186.7,178.6,179.65
21-01-2020,199,207,192,202.25,21-01-2020,222.9,222.9,222.9,222.9,21-01-2020,1270.00,1300.00,1270.00,1289.96,21-01-2020,2192,2393,2181.35,2334.94,21-01-2020,178,181.2,177,178.6
22-01-2020,204,208.95,194.55,197.65,22-01-2020,234,234,234,234,22-01-2020,1295.35,1300.00,1284.15,1284.99,22-01-2020,2394.9,2399,2280.5,2310.6,22-01-2020,179.85,180.25,177,177.65
23-01-2020,199.2,199.9,190,192.2,23-01-2020,234.85,245.7,222.3,222.7,23-01-2020,1296.95,1334.00,1293.80,1299.94,23-01-2020,2317,2384.3,2103.8,2156.41,23-01-2020,178.15,179,175.1,175.5
24-01-2020,187.5,194.9,182.6,190.25,24-01-2020,227,227,211.6,211.6,24-01-2020,1324.95,1325.95,1285.00,1294.73,24-01-2020,2183.9,2588.7,2170,2529.01,24-01-2020,175.8,179.75,175.2,177.8
27-01-2020,189,194.1,186.5,190.75,27-01-2020,201.3,209.3,201.05,201.05,27-01-2020,1282.00,1325.00,1275.00,1304.56,27-01-2020,2500,2635,2430.9,2562.6,27-01-2020,175.85,201.3,175.8,193.6
28-01-2020,191.5,196.5,186.1,187.65,28-01-2020,195,211.1,195,211.1,28-01-2020,1313.00,1323.95,1304.05,1302.33,28-01-2020,2578.6,2617.55,2485,2506.62,28-01-2020,195.5,199.35,185,188.55
29-01-2020,188,191,185.05,186.3,29-01-2020,221.65,221.65,221.65,221.65,29-01-2020,1323.00,1349.90,1317.00,1329.55,29-01-2020,2549.9,2595,2522,2563.05,29-01-2020,190,192.7,185.3,186.75
30-01-2020,186.9,187.9,177.65,180.45,30-01-2020,230,232.7,218.25,232.7,30-01-2020,1341.80,1344.00,1305.10,1317.23,30-01-2020,2584,2584,2500,2524.6,30-01-2020,187.4,187.4,180,180.3
31-01-2020,182.5,189.45,176.85,189.45,31-01-2020,244.3,244.3,221.35,241.2,31-01-2020,1320.05,1341.70,1308.00,1304.31,31-01-2020,2527.3,2569.65,2480,2502.05,31-01-2020,181.4,185.9,176,177.8
03-02-2020,186.85,196.15,186,196.15,03-02-2020,251,264.45,242.45,253.9,03-02-2020,1262.50,1365.00,1262.50,1341.92,03-02-2020,2480,2849,2470.35,2791.35,03-02-2020,167.55,174.4,165.85,170.55
04-02-2020,201.9,205.95,190.1,198,04-02-2020,263.95,266.55,253.1,257.7,04-02-2020,1370.00,1400.00,1365.30,1377.74,04-02-2020,2844,3040,2810,2963.8,04-02-2020,171.1,177.65,171.1,175.8
05-02-2020,196,203.8,190.8,193.25,05-02-2020,259.95,270.55,254,262.4,05-02-2020,1398.00,1438.00,1392.00,1399.55,05-02-2020,2995,3049.9,2851.35,2925.75,05-02-2020,176.25,183.95,174.95,181.25
06-02-2020,193,202.9,190.5,202.9,06-02-2020,266,274.7,255.1,260.7,06-02-2020,1418.00,1478.80,1380.00,1434.08,06-02-2020,2943,2985,2887.55,2926.3,06-02-2020,181.55,184.95,180.35,181.6
07-02-2020,208.95,213,206.25,213,07-02-2020,258.6,270,256.05,264.85,07-02-2020,1478.00,1489.95,1440.05,1446.35,07-02-2020,2928,2985,2902.2,2938.65,07-02-2020,181.15,186.95,181.15,185.5
10-02-2020,219.9,221.65,207,213.35,10-02-2020,265.05,278.05,265,278.05,10-02-2020,1463.50,1586.00,1438.00,1529.76,10-02-2020,2940,2950,2900,2912.75,10-02-2020,187.3,192.5,185.95,188.2
11-02-2020,215.9,217,208.15,211.25,11-02-2020,291.95,291.95,291.95,291.95,11-02-2020,1550.00,1579.95,1525.25,1524.94,11-02-2020,2915.8,3285,2915.8,3178.05,11-02-2020,199.4,204.9,193.1,193.85
12-02-2020,212.1,213.45,204.85,207.65,12-02-2020,306.5,306.5,292,306.5,12-02-2020,1547.50,1572.00,1534.80,1541.83,12-02-2020,3220,3350,3105.45,3243.15,12-02-2020,196.6,196.75,186,186.6
13-02-2020,208,208.95,198,199.95,13-02-2020,321.8,321.8,321.8,321.8,13-02-2020,1567.90,1567.90,1523.80,1537.66,13-02-2020,3266.6,3399,3210,3340.25,13-02-2020,187,187.8,183.3,184
14-02-2020,201,209.9,201,206.8,14-02-2020,337.85,337.85,331,337.85,14-02-2020,1569.90,1600.00,1540.70,1560.81,14-02-2020,3360.05,3379.8,3160,3203,14-02-2020,184.1,199.2,184.1,195.85
17-02-2020,208.4,208.4,198,198.35,17-02-2020,321,354.7,321,346.45,17-02-2020,1570.90,1585.00,1527.50,1546.25,17-02-2020,3226.6,3320,3220,3266.15,17-02-2020,197.4,218.8,194.1,207.1
18-02-2020,200.8,200.8,188.45,189.25,18-02-2020,358.8,363.75,348,357.8,18-02-2020,1550.00,1574.95,1532.50,1547.35,18-02-2020,3287,3297.1,3221.3,3256.45,18-02-2020,210.25,246.2,210.15,234.75
19-02-2020,191.9,198.7,191.75,197.85,19-02-2020,367,375.65,367,375.65,19-02-2020,1560.00,1599.90,1552.00,1590.95,19-02-2020,3284.95,3463,3275,3356.8,19-02-2020,239.3,257.4,230.15,234.5
20-02-2020,197.85,198.15,193,194.85,20-02-2020,394.4,394.4,394.4,394.4,20-02-2020,1599.90,1665.95,1589.00,1635.85,20-02-2020,3374,3374,3275,3290.1,20-02-2020,234,245.95,232.1,235.7
24-02-2020,191.45,191.45,185.2,185.9,24-02-2020,414.1,414.1,414.1,414.1,24-02-2020,1639.00,1708.95,1611.00,1656.45,24-02-2020,3308.9,3422.2,3245,3281.95,24-02-2020,238,263.7,238,254.75
25-02-2020,184.75,188.8,178.15,180.55,25-02-2020,434.8,434.8,434.8,434.8,25-02-2020,1674.80,1718.55,1642.00,1650.75,25-02-2020,3301.65,3350,3246,3261.3,25-02-2020,260.65,273.5,255,268.4
26-02-2020,175.55,177.85,171.55,171.55,26-02-2020,456.5,456.5,413.1,420.15,26-02-2020,1645.00,1774.00,1635.05,1747.30,26-02-2020,3261.3,3261.3,3100.1,3177.9,26-02-2020,276,310.45,275.55,298.65
27-02-2020,165.3,167.95,163,163,27-02-2020,424.95,441.15,421,441.15,27-02-2020,1755.00,1810.05,1550.00,1608.15,27-02-2020,3160.1,3233,2901.1,3047.6,27-02-2020,304,316.5,269.15,273.75
28-02-2020,154.85,160,154.85,154.95,28-02-2020,451.95,451.95,419.1,422.15,28-02-2020,1530.00,1564.00,1468.95,1511.15,28-02-2020,2870,2963.95,2710,2766.5,28-02-2020,265,266.75,246.4,246.4
02-03-2020,156.6,162.65,150,156.05,02-03-2020,439,441.95,404,411.5,02-03-2020,1532.25,1621.00,1469.00,1519.10,02-03-2020,2900,3200,2803.25,2859.8,02-03-2020,252,263,221.8,226.05
03-03-2020,162.9,163,157,159.5,03-03-2020,415,422.95,390.95,390.95,03-03-2020,1530.00,1550.00,1475.65,1525.95,03-03-2020,3015,3118,2912.3,3036.65,03-03-2020,230.65,235.7,215,221.7
04-03-2020,159.25,159.5,151.55,152,04-03-2020,372,372,371.45,371.45,04-03-2020,1539.60,1549.00,1475.65,1506.75,04-03-2020,3090,3120,2950,2997.7,04-03-2020,224.9,232.75,220.95,232.75
05-03-2020,151.55,158.75,145.45,152.5,05-03-2020,352.9,352.9,352.9,352.9,05-03-2020,1522.60,1548.80,1500.00,1533.85,05-03-2020,3043.95,3087.5,2960,2981.95,05-03-2020,241,244.35,240.65,244.35
06-03-2020,144.9,147.2,144.9,144.9,06-03-2020,335.3,335.3,335.3,335.3,06-03-2020,1479.95,1555.00,1464.00,1543.30,06-03-2020,2824,2980,2781,2962.15,06-03-2020,236.75,256.55,232.15,256.55
09-03-2020,137.7,137.8,137.7,137.7,09-03-2020,318.55,333,318.55,318.55,09-03-2020,1522.70,1551.95,1440.00,1464.85,09-03-2020,2944.95,2944.95,2800,2854,09-03-2020,256,266.8,244.1,250.3
11-03-2020,131.1,136.4,130.85,130.85,11-03-2020,302.65,318.55,302.65,303,11-03-2020,1465.00,1495.05,1414.55,1455.55,11-03-2020,2822,2940.1,2810.2,2844.15,11-03-2020,254.4,260,242.05,246.25
12-03-2020,124.35,124.35,124.35,124.35,12-03-2020,290,290,287.85,287.85,12-03-2020,1400.00,1409.95,1250.00,1269.35,12-03-2020,2740,2779.95,2457.3,2720.4,12-03-2020,235.1,237.75,233.95,233.95
13-03-2020,118.15,130.55,118.15,123.4,13-03-2020,273.5,287.85,273.5,273.5,13-03-2020,1075.00,1377.20,1021.05,1298.35,13-03-2020,2330,2855,2260,2782.1,13-03-2020,222.3,234.45,222.3,222.3
16-03-2020,120,128,117.25,117.7,16-03-2020,273,273,259.85,259.85,16-03-2020,1250.00,1280.10,1166.25,1242.10,16-03-2020,2699.9,2745,2554.8,2658.65,16-03-2020,211.2,214.15,211.2,211.2
17-03-2020,115,123.55,111.9,123.4,17-03-2020,247,250.95,246.9,246.9,17-03-2020,1227.00,1246.95,1187.95,1216.25,17-03-2020,2680,2774.95,2500,2529.5,17-03-2020,203.75,205.9,200.65,200.65
18-03-2020,125.1,129.55,124,129.4,18-03-2020,234.75,234.75,234.6,234.6,18-03-2020,1236.00,1236.00,1152.80,1172.85,18-03-2020,2560.1,2631.1,2201,2216.7,18-03-2020,190.75,192.2,187.8,187.8
19-03-2020,125,135.85,122.95,135.65,19-03-2020,222.9,222.9,222.9,222.9,19-03-2020,1101.00,1133.55,1031.00,1083.90,19-03-2020,2042,2148.55,1817.95,1903.25,19-03-2020,178.45,178.45,178.45,178.45
20-03-2020,142.4,142.4,138.4,142.35,20-03-2020,211.8,234,211.8,230.55,20-03-2020,1095.00,1300.65,1090.00,1254.05,20-03-2020,1999,2283.9,1951.1,2283.9,20-03-2020,175.15,187.35,169.55,170.55
23-03-2020,135.25,138.95,135.25,135.25,23-03-2020,219.05,219.5,219.05,219.05,23-03-2020,1110.00,1244.95,1040.00,1099.55,23-03-2020,1890,2210,1890,2003,23-03-2020,162.05,162.05,162.05,162.05
24-03-2020,128.5,141.8,128.5,141.3,24-03-2020,208.1,230,208.1,229.85,24-03-2020,1137.00,1249.00,1115.00,1185.65,24-03-2020,2239,2280,1900,2098.2,24-03-2020,158,166,153.95,153.95
25-03-2020,140,148.35,136.95,148.1,25-03-2020,229.85,241.3,218.4,237.95,25-03-2020,1175.50,1269.00,1137.55,1198.25,25-03-2020,2105,2299,2105,2267.3,25-03-2020,150,161.6,146.3,161.6
26-03-2020,154,155.4,144.25,152.1,26-03-2020,243,249,228.95,245,26-03-2020,1225.00,1274.00,1151.10,1220.40,26-03-2020,2338,2625,2325,2460.85,26-03-2020,169.5,169.65,161.7,169.65
27-03-2020,154.5,157,144.5,148.75,27-03-2020,245.25,255.05,232.75,237.2,27-03-2020,1270.00,1295.00,1165.00,1182.25,27-03-2020,2551.1,2903.8,2380.1,2482.2,27-03-2020,176,178.1,165,169.85
30-03-2020,142.1,148.3,141.35,146.95,30-03-2020,226.1,247,225.35,225.35,30-03-2020,1125.00,1176.30,1121.00,1167.30,30-03-2020,2400,2482,2307.4,2370.05,30-03-2020,162,176.95,161.4,174.1
31-03-2020,147.3,154.25,146.95,153.25,31-03-2020,215,229.95,214.1,226.75,31-03-2020,1214.00,1214.80,1180.00,1203.30,31-03-2020,2439.6,2549.85,2412,2512.8,31-03-2020,179,181.55,173.15,175.9
01-04-2020,155.5,159,151,152.9,01-04-2020,216,238,215.45,225,01-04-2020,1245.00,1245.00,1109.55,1135.35,01-04-2020,2525.75,2545,2450.25,2497.7,01-04-2020,177.5,184.65,174.4,184.65
03-04-2020,152.9,154.85,150.45,151.9,03-04-2020,236,236.25,213.8,226.1,03-04-2020,1170.00,1179.95,1126.05,1157.05,03-04-2020,2484.95,2720,2300,2601.05,03-04-2020,191,193.85,183.65,193.85
07-04-2020,153.5,159.45,151.55,158.95,07-04-2020,226.1,236.5,214.8,224.35,07-04-2020,1200.00,1243.00,1175.00,1232.45,07-04-2020,2754.9,2887,2552.2,2704.8,07-04-2020,203.5,203.5,203.5,203.5
08-04-2020,166.85,166.85,162,166.45,08-04-2020,224.35,235.55,213.25,234.7,08-04-2020,1236.60,1398.00,1222.20,1334.05,08-04-2020,2704.8,2785,2650,2699.45,08-04-2020,213.65,213.65,213.65,213.65
09-04-2020,172.4,174.75,166.25,174.75,09-04-2020,230,246,230,245.25,09-04-2020,1397.00,1445.00,1375.40,1402.05,09-04-2020,2810.6,2865,2748.85,2779.6,09-04-2020,230,256.35,227.5,256.35
13-04-2020,180,183.45,167.05,183.35,13-04-2020,257,257,233,252.9,13-04-2020,1423.00,1432.45,1335.00,1350.95,13-04-2020,2780.1,2789.9,2650.55,2734.9,13-04-2020,286.8,295,270.55,280.2
15-04-2020,188,190.95,184,187.8,15-04-2020,247,262,240.85,247.75,15-04-2020,1380.00,1404.10,1331.10,1360.60,15-04-2020,2760,2799.95,2706.25,2747.8,15-04-2020,281.4,287,230.2,257.9
16-04-2020,182.3,195,182.3,193.85,16-04-2020,249.95,260.1,249.95,260.1,16-04-2020,1360.60,1419.90,1343.60,1400.70,16-04-2020,2707,2850,2701.1,2818.1,16-04-2020,260,270,259.95,263.25
17-04-2020,199,201,197,198.95,17-04-2020,270,273.1,250,272.9,17-04-2020,1440.00,1547.00,1401.80,1533.60,17-04-2020,2900,3130,2862,3080.85,17-04-2020,269.5,274.8,260.05,261.45
20-04-2020,200.05,204.9,197,200.75,20-04-2020,284.9,286.5,272.9,284.05,20-04-2020,1565.00,1579.00,1534.05,1545.30,20-04-2020,3219.3,3527,3211.5,3399.3,20-04-2020,273,273,260.35,261.8
21-04-2020,191,195.9,190.75,191.3,21-04-2020,287,287,269.85,274,21-04-2020,1515.00,1515.00,1451.00,1456.25,21-04-2020,3279,3465,3269.9,3422.05,21-04-2020,240.2,275,240.2,262.2
22-04-2020,191.2,198,184.75,197.2,22-04-2020,274,274,260.3,263.05,22-04-2020,1456.00,1747.50,1430.40,1740.25,22-04-2020,3474,3777.7,3426,3737.4,22-04-2020,264.8,269,260.05,261.6
23-04-2020,202.8,202.8,196,200,23-04-2020,268,274,264,266.3,23-04-2020,1759.90,1819.95,1628.00,1691.50,23-04-2020,3840,4090,3303.95,3713.4,23-04-2020,266.25,287,265.05,274.1
24-04-2020,199.1,199.1,194.9,195.95,24-04-2020,266,273.95,253.05,255.6,24-04-2020,1684.90,1721.45,1590.00,1654.85,24-04-2020,3640,3682,3450.5,3509.5,24-04-2020,272.05,284.9,269.55,273.55
27-04-2020,193,201,192,200.65,27-04-2020,244.85,260,244.85,255,27-04-2020,1675.00,1950.00,1662.25,1921.90,27-04-2020,3640,3735,3510,3552,27-04-2020,278,283,273.6,275.05
28-04-2020,201,204.65,198.1,203.65,28-04-2020,245.5,255,242.25,244.85,28-04-2020,1950.00,1999.90,1836.00,1871.60,28-04-2020,3634,3700,3552,3566.95,28-04-2020,280,304.5,278,299.3
29-04-2020,205,209.4,202.35,207.95,29-04-2020,245,254,238,253.25,29-04-2020,1893.00,1930.05,1830.00,1897.50,29-04-2020,3620,3620,3480,3541.1,29-04-2020,312,322,301.25,303.9
30-04-2020,211.1,212.85,208,210.45,30-04-2020,246,255,246,251,30-04-2020,1919.00,1930.00,1775.90,1790.00,30-04-2020,3600,3630,3480,3494.1,30-04-2020,307.95,311,286,289.25
04-05-2020,199.95,218,199.95,209.55,04-05-2020,245,251.85,238.45,238.45,04-05-2020,1770.00,1920.00,1661.10,1775.65,04-05-2020,3395,3574.55,3310,3514.9,04-05-2020,280,310.95,271.3,304.3
05-05-2020,215,216,209.05,210.8,05-05-2020,245,250.35,226.55,248.9,05-05-2020,1815.00,1888.45,1768.00,1792.85,05-05-2020,3599,3630,3503.4,3527,05-05-2020,310.25,318.8,302.4,306.4
06-05-2020,211,214.2,205.3,211.85,06-05-2020,237,260,237,249.25,06-05-2020,1815.00,1850.00,1777.55,1804.20,06-05-2020,3550,3574.75,3450,3479.9,06-05-2020,307.9,311.85,300.8,304.35
07-05-2020,207.45,213,206.5,210.55,07-05-2020,241,250.5,241,250.5,07-05-2020,1824.00,1830.00,1736.20,1754.00,07-05-2020,3480,3540,3440,3477.65,07-05-2020,309.1,348.7,307.6,330.25
08-05-2020,211,213.5,208,212.25,08-05-2020,241,259.9,241,254.95,08-05-2020,1787.95,1787.95,1738.00,1760.55,08-05-2020,3500,3649,3475,3558.6,08-05-2020,333,340,322.1,327
11-05-2020,214.85,222.85,211,222.6,11-05-2020,254.95,254.95,245,249.3,11-05-2020,1769.00,1845.00,1763.25,1770.65,11-05-2020,3600,3680,3599.95,3630.3,11-05-2020,330.9,338,326,330.35
12-05-2020,222,229.9,219.1,226.05,12-05-2020,250,255,242.05,245.5,12-05-2020,1779.00,1850.00,1731.00,1773.70,12-05-2020,3666.95,3666.95,3532.55,3575.85,12-05-2020,331.55,368.8,330.45,363.45
13-05-2020,233,235.95,228,231,13-05-2020,250,250,246,246.05,13-05-2020,1799.00,1820.00,1750.05,1762.25,13-05-2020,3698,3698,3590,3660.2,13-05-2020,383,389.9,365.2,385.85
14-05-2020,229.4,232.8,220.55,228.55,14-05-2020,255,255,240,249.55,14-05-2020,1768.00,1777.10,1690.10,1706.65,14-05-2020,3640,3650,3594.05,3613.45,14-05-2020,382.45,404.8,368,388.1
15-05-2020,228.6,231.5,225.7,230.25,15-05-2020,245,249,245,249,15-05-2020,1710.10,1807.50,1691.00,1763.05,15-05-2020,3630.7,3645,3580.05,3619.6,15-05-2020,388.9,396.5,380.15,382.4
18-05-2020,229,235,218.75,229.25,18-05-2020,249,249,237,242.3,18-05-2020,1799.95,1804.90,1675.85,1709.45,18-05-2020,3621,3655,3461.1,3490.65,18-05-2020,382.5,385.7,365,368.3
19-05-2020,230,235.05,230,233.65,19-05-2020,245,249.8,234.1,249.8,19-05-2020,1720.00,1735.00,1685.00,1721.55,19-05-2020,3540,3548.95,3470.75,3498.35,19-05-2020,371.9,384,368.3,372.3
20-05-2020,231,235.5,227,234.7,20-05-2020,250,255,237.5,241.45,20-05-2020,1740.00,1774.65,1730.15,1750.50,20-05-2020,3500,3539.95,3476.65,3511.75,20-05-2020,375.35,393,373,387.75
21-05-2020,233.95,244.35,233,235.1,21-05-2020,242,249,238.5,240.3,21-05-2020,1768.95,1850.00,1753.45,1809.75,21-05-2020,3520,3850,3520,3795.2,21-05-2020,391.55,409.55,391.5,401.7
22-05-2020,237,242,232,239.65,22-05-2020,230,248.5,230,238.8,22-05-2020,1830.00,1868.00,1790.00,1807.80,22-05-2020,3809,3980.2,3800,3887.05,22-05-2020,400.4,409,397.2,401.9
