IBDate,IBOpen,IBHigh,IBLow,IBClose,YEDate,YEOpen,YEHigh,YELow,YEClose,INDate,INOpen,INHigh,INLow,INClose,GADate,GAOpen,GAHigh,GALow,GAClose,HDDate,HDOpen,HDHigh,HDLow,HDClose
22-05-2019,802.00,808.15,774.80,734.22,22-05-2019,141.00,141.25,135.50,133.87,22-05-2019,1446.95,1536.85,1382.30,1510.91,22-05-2019,169.35,170.88,167.10,158.49,22-05-2019,61.50,61.67,61.22,60.93
23-05-2019,809.00,834.40,775.25,733.28,23-05-2019,143.90,150.80,138.75,136.01,23-05-2019,1547.00,1640.00,1543.15,1590.34,23-05-2019,171.00,171.32,168.45,158.99,23-05-2019,59.85,59.99,59.50,59.29
24-05-2019,792.00,798.90,774.20,743.16,24-05-2019,141.00,142.90,139.50,137.43,24-05-2019,1608.70,1658.00,1594.00,1640.23,24-05-2019,169.00,171.30,167.57,160.73,24-05-2019,60.45,61.65,60.42,60.93
27-05-2019,790.00,808.70,784.70,741.10,27-05-2019,142.00,148.45,140.85,142.88,27-05-2019,1647.90,1647.90,1607.00,1604.32,27-05-2019,171.50,175.50,170.88,163.88,28-05-2019,61.37,62.14,61.37,61.58
28-05-2019,799.50,799.70,780.00,734.13,28-05-2019,148.95,154.90,148.20,148.72,28-05-2019,1615.00,1632.00,1596.70,1611.13,28-05-2019,176.95,177.35,172.75,164.07,29-05-2019,61.78,61.90,61.22,61.21
29-05-2019,784.00,787.40,763.70,727.90,29-05-2019,154.00,156.00,150.65,147.64,29-05-2019,1617.00,1629.35,1602.05,1600.19,29-05-2019,175.00,181.05,174.73,166.42,30-05-2019,62.10,62.36,61.82,61.55
30-05-2019,780.00,793.05,771.35,724.39,30-05-2019,150.20,156.50,149.90,150.86,30-05-2019,1608.60,1621.60,1580.55,1578.56,30-05-2019,177.93,180.25,176.68,169.01,31-05-2019,61.50,62.10,61.37,61.65
31-05-2019,779.50,800.50,775.25,736.09,31-05-2019,156.60,157.00,147.00,143.85,31-05-2019,1599.00,1610.95,1555.05,1596.91,31-05-2019,180.00,181.55,178.23,169.83,03-06-2019,62.50,63.65,62.50,62.58
03-06-2019,788.85,817.80,776.50,758.83,03-06-2019,148.00,149.90,144.50,147.45,03-06-2019,1600.10,1667.00,1589.70,1653.91,03-06-2019,181.45,182.70,178.30,168.16,04-06-2019,63.30,63.63,62.26,63.19
04-06-2019,814.35,819.90,791.75,745.36,04-06-2019,148.80,153.85,148.55,152.80,04-06-2019,1663.00,1672.95,1630.00,1629.39,04-06-2019,178.00,180.18,177.55,168.54,05-06-2019,63.87,64.40,63.40,63.57
06-06-2019,773.95,773.95,728.55,688.60,06-06-2019,148.45,151.20,142.30,143.40,06-06-2019,1634.70,1634.70,1510.00,1514.64,06-06-2019,167.50,169.32,157.13,148.80,06-06-2019,63.50,63.94,62.94,63.43
07-06-2019,737.55,768.00,712.35,684.20,07-06-2019,143.40,145.45,136.15,139.90,07-06-2019,1530.00,1560.00,1482.05,1544.04,07-06-2019,158.55,160.45,153.85,147.65,07-06-2019,64.13,64.60,63.65,63.93
10-06-2019,748.00,755.00,723.50,686.30,10-06-2019,141.90,145.00,132.55,135.90,10-06-2019,1564.00,1585.10,1536.15,1543.49,10-06-2019,159.50,160.00,153.23,144.54,10-06-2019,64.50,64.80,64.06,63.87
11-06-2019,700.00,714.95,668.60,631.28,11-06-2019,135.00,143.50,133.75,139.55,11-06-2019,1564.00,1595.30,1563.00,1582.24,11-06-2019,154.50,156.00,151.43,143.98,11-06-2019,64.42,65.20,64.01,64.63
12-06-2019,668.00,669.00,608.75,581.21,12-06-2019,136.00,137.80,133.60,134.75,12-06-2019,1597.00,1602.60,1561.20,1561.60,12-06-2019,153.75,156.25,153.02,145.88,12-06-2019,64.83,64.86,63.92,63.70
13-06-2019,614.10,698.80,588.20,649.76,13-06-2019,130.80,130.80,116.00,117.10,13-06-2019,1520.00,1525.00,1440.00,1481.02,13-06-2019,155.15,155.90,153.55,144.94,13-06-2019,64.41,64.41,63.50,63.28
14-06-2019,707.00,708.70,662.15,629.12,14-06-2019,118.50,121.00,112.85,115.05,14-06-2019,1493.00,1495.00,1411.25,1419.30,14-06-2019,154.25,155.77,153.77,145.13,14-06-2019,63.57,64.39,63.54,63.71
17-06-2019,673.45,683.90,646.40,612.70,17-06-2019,118.00,118.35,113.75,116.15,17-06-2019,1427.50,1449.90,1396.20,1392.29,17-06-2019,154.50,154.90,151.30,143.93,17-06-2019,64.02,64.28,63.45,63.08
18-06-2019,650.00,655.20,604.20,570.68,18-06-2019,116.00,117.50,107.10,109.30,18-06-2019,1410.50,1444.85,1400.10,1401.59,18-06-2019,153.35,154.43,152.05,144.92,18-06-2019,63.86,64.13,63.30,62.97
19-06-2019,620.00,635.80,487.85,519.86,19-06-2019,109.00,111.45,101.30,103.20,19-06-2019,1424.80,1439.00,1370.10,1374.09,19-06-2019,155.00,155.50,152.38,144.78,19-06-2019,63.28,63.44,62.79,63.21
20-06-2019,565.35,607.00,554.80,561.27,20-06-2019,102.00,115.90,98.70,114.55,20-06-2019,1380.00,1441.10,1348.00,1428.05,20-06-2019,153.75,155.95,152.75,146.38,20-06-2019,63.76,64.39,63.70,64.26
21-06-2019,602.00,622.30,559.40,572.74,21-06-2019,114.55,114.80,108.25,109.60,21-06-2019,1445.00,1465.00,1419.15,1441.03,21-06-2019,156.50,156.95,153.82,146.59,21-06-2019,63.90,63.90,62.81,63.29
24-06-2019,609.50,630.00,598.00,579.38,24-06-2019,112.00,114.00,108.85,111.95,24-06-2019,1483.00,1485.00,1449.05,1453.86,24-06-2019,155.98,156.25,152.88,144.28,24-06-2019,63.45,64.14,63.37,63.65
25-06-2019,611.00,629.90,608.00,581.68,25-06-2019,111.00,112.50,109.10,110.05,25-06-2019,1455.05,1460.50,1441.55,1442.03,25-06-2019,152.75,155.27,152.13,145.70,25-06-2019,63.96,64.00,63.40,63.65
26-06-2019,612.00,622.90,602.05,572.97,26-06-2019,109.00,114.65,108.40,113.05,26-06-2019,1450.00,1452.60,1427.25,1427.26,26-06-2019,155.50,155.70,153.50,145.48,26-06-2019,64.13,64.25,63.75,63.78
27-06-2019,615.00,642.90,615.00,587.20,27-06-2019,113.05,114.50,111.80,112.40,27-06-2019,1439.00,1464.30,1435.20,1442.57,27-06-2019,155.00,155.40,153.00,144.26,27-06-2019,63.90,64.47,63.90,64.27
28-06-2019,628.00,629.85,601.00,568.71,28-06-2019,112.50,113.00,107.50,108.75,28-06-2019,1458.00,1458.00,1400.00,1403.08,28-06-2019,153.90,156.63,153.18,146.75,28-06-2019,64.58,65.04,64.23,64.90
01-07-2019,614.00,627.20,614.00,582.05,01-07-2019,109.50,110.50,107.65,109.15,01-07-2019,1427.90,1442.15,1416.35,1426.06,01-07-2019,154.98,156.75,154.20,147.11,01-07-2019,65.43,65.64,64.79,65.36
02-07-2019,623.50,648.50,611.70,601.19,02-07-2019,108.05,108.05,99.80,100.80,02-07-2019,1447.00,1452.00,1410.10,1409.10,02-07-2019,156.48,157.38,155.00,146.47,02-07-2019,65.59,65.89,65.00,65.53
03-07-2019,639.00,696.55,637.20,646.62,03-07-2019,100.75,103.80,98.85,99.75,03-07-2019,1430.00,1479.50,1423.40,1462.87,03-07-2019,155.80,156.18,152.30,143.60,03-07-2019,65.45,65.85,65.34,65.53
04-07-2019,692.70,729.00,692.25,658.70,04-07-2019,101.00,102.15,95.20,96.25,04-07-2019,1473.00,1513.50,1466.30,1485.25,04-07-2019,153.20,154.65,152.13,144.80,05-07-2019,65.69,65.87,64.60,64.78
05-07-2019,708.50,745.45,703.35,680.69,05-07-2019,95.00,96.85,87.40,88.15,05-07-2019,1498.70,1540.00,1484.40,1524.49,05-07-2019,154.68,154.70,152.55,144.14,08-07-2019,63.83,63.95,63.09,62.98
08-07-2019,734.00,736.00,677.10,644.80,08-07-2019,87.00,94.60,85.65,93.15,08-07-2019,1515.25,1544.95,1470.85,1468.74,08-07-2019,152.73,152.75,148.70,142.12,09-07-2019,62.85,62.85,62.03,62.09
09-07-2019,690.50,702.90,670.40,643.02,09-07-2019,95.00,97.00,90.30,91.35,09-07-2019,1476.50,1509.35,1457.10,1484.25,09-07-2019,151.00,152.20,145.75,138.40,10-07-2019,62.75,63.72,62.54,63.27
10-07-2019,689.00,696.00,653.50,617.29,10-07-2019,92.15,94.00,91.50,93.00,10-07-2019,1501.00,1520.75,1468.60,1479.43,10-07-2019,148.30,149.20,144.30,136.38,11-07-2019,63.47,64.14,63.29,63.91
11-07-2019,666.10,683.70,653.10,629.03,11-07-2019,94.00,95.00,90.70,92.45,11-07-2019,1504.00,1556.00,1495.00,1533.15,11-07-2019,145.50,148.40,145.50,138.73,12-07-2019,63.75,63.79,62.87,62.86
12-07-2019,675.95,679.70,661.30,623.23,12-07-2019,93.25,94.85,91.65,94.20,12-07-2019,1550.00,1562.50,1493.65,1501.56,12-07-2019,148.35,150.80,145.75,137.98,15-07-2019,63.22,63.57,62.88,62.85
15-07-2019,665.80,670.00,630.65,597.96,15-07-2019,95.00,99.30,92.55,93.20,15-07-2019,1529.95,1530.00,1468.00,1467.34,15-07-2019,147.00,147.80,144.65,136.90,16-07-2019,63.08,63.11,62.56,62.51
16-07-2019,632.10,651.70,613.55,604.89,16-07-2019,94.00,106.50,92.25,103.85,16-07-2019,1485.00,1485.00,1460.05,1465.45,16-07-2019,145.50,148.00,144.80,138.64,17-07-2019,62.72,62.98,62.43,62.84
17-07-2019,640.00,672.70,639.65,625.33,17-07-2019,108.50,108.50,97.55,98.40,17-07-2019,1482.80,1508.55,1457.00,1493.36,17-07-2019,146.05,146.40,142.45,134.92,18-07-2019,63.07,63.67,62.87,63.42
18-07-2019,664.00,678.20,651.00,616.82,18-07-2019,88.60,90.25,79.15,85.80,18-07-2019,1496.05,1503.00,1468.35,1463.71,18-07-2019,144.00,144.20,141.00,133.56,19-07-2019,62.70,62.76,60.95,61.57
19-07-2019,662.10,671.40,631.50,594.22,19-07-2019,86.00,86.90,82.60,83.25,19-07-2019,1480.00,1488.70,1407.20,1414.67,19-07-2019,142.95,142.95,137.10,129.47,22-07-2019,60.54,60.74,58.43,58.64
22-07-2019,636.80,661.20,619.20,613.82,22-07-2019,83.30,92.50,81.70,91.15,22-07-2019,1418.95,1428.80,1382.00,1410.94,22-07-2019,136.70,138.75,134.85,129.84,23-07-2019,58.31,58.58,57.10,57.55
23-07-2019,654.00,658.60,634.60,599.46,23-07-2019,89.00,93.90,87.10,90.65,23-07-2019,1425.70,1432.80,1404.40,1409.30,23-07-2019,137.95,140.80,137.75,130.41,24-07-2019,57.97,58.88,57.93,58.32
24-07-2019,645.00,649.40,606.00,572.46,24-07-2019,91.50,93.65,88.15,89.15,24-07-2019,1407.20,1426.35,1353.35,1354.84,24-07-2019,139.10,139.10,135.20,128.57,25-07-2019,58.69,58.90,58.15,58.10
25-07-2019,617.00,627.30,604.00,572.74,25-07-2019,88.40,90.40,85.85,87.65,25-07-2019,1368.00,1419.35,1367.00,1384.33,25-07-2019,136.65,137.50,134.15,126.78,26-07-2019,58.42,58.42,57.55,57.47
26-07-2019,618.00,639.75,613.50,584.30,26-07-2019,88.75,96.90,87.10,96.05,26-07-2019,1400.50,1422.00,1386.55,1408.06,26-07-2019,134.20,135.70,132.40,125.09,29-07-2019,57.61,57.67,57.17,57.39
29-07-2019,575.00,598.85,547.85,523.79,29-07-2019,95.70,98.70,91.35,94.75,29-07-2019,1410.00,1436.00,1402.10,1424.77,29-07-2019,133.20,134.55,130.75,123.63,30-07-2019,57.45,57.49,56.83,56.84
30-07-2019,549.00,579.80,516.20,490.29,30-07-2019,95.00,96.30,81.15,86.05,30-07-2019,1436.05,1447.60,1317.65,1330.27,30-07-2019,131.60,132.65,128.50,121.52,31-07-2019,57.20,57.72,57.17,57.49
31-07-2019,529.15,544.40,506.00,501.24,31-07-2019,86.00,92.35,84.75,91.20,31-07-2019,1317.65,1419.70,1312.00,1405.42,31-07-2019,129.15,130.35,128.30,121.23,01-08-2019,57.27,58.11,56.99,57.29
01-08-2019,535.10,543.90,514.05,488.47,01-08-2019,88.95,91.30,85.75,88.40,01-08-2019,1390.10,1435.00,1365.00,1391.30,01-08-2019,128.85,131.10,125.70,121.00,02-08-2019,56.79,57.21,56.77,56.91
02-08-2019,516.90,527.15,475.20,458.24,02-08-2019,87.80,90.90,86.80,88.30,02-08-2019,1396.00,1412.50,1366.45,1375.63,02-08-2019,128.00,129.20,123.80,120.10,05-08-2019,55.56,55.67,54.56,54.72
05-08-2019,469.80,488.70,457.40,446.17,05-08-2019,88.00,88.00,79.50,81.10,05-08-2019,1365.00,1404.70,1350.00,1380.90,05-08-2019,126.10,126.25,122.50,115.68,06-08-2019,55.28,56.09,55.28,55.90
06-08-2019,476.00,519.70,475.00,481.07,06-08-2019,80.90,86.65,79.70,85.35,06-08-2019,1388.20,1430.00,1377.75,1409.65,06-08-2019,122.00,126.55,121.65,116.06,07-08-2019,55.33,56.03,55.06,55.46
07-08-2019,500.00,500.00,441.10,416.83,07-08-2019,86.50,92.00,86.10,86.85,07-08-2019,1417.00,1462.05,1415.45,1418.85,07-08-2019,124.40,124.40,120.60,114.51,08-08-2019,56.69,57.22,56.23,56.29
08-08-2019,451.00,459.00,425.50,415.84,08-08-2019,89.25,89.90,84.80,89.20,08-08-2019,1430.00,1430.00,1372.95,1414.05,08-08-2019,121.50,122.55,119.60,115.58,09-08-2019,57.00,57.29,56.42,56.44
09-08-2019,447.00,521.00,447.00,472.84,09-08-2019,91.80,92.45,81.15,82.15,09-08-2019,1435.00,1435.00,1405.30,1413.40,09-08-2019,122.20,125.40,120.60,117.38,12-08-2019,56.20,56.69,56.00,56.49
13-08-2019,520.00,597.55,505.00,536.33,13-08-2019,84.00,84.20,72.85,73.60,13-08-2019,1415.00,1417.15,1352.20,1373.45,13-08-2019,124.85,129.15,124.00,119.42,13-08-2019,55.54,55.70,55.11,55.55
14-08-2019,587.00,619.00,542.75,515.98,14-08-2019,74.90,77.90,70.55,76.55,14-08-2019,1389.00,1408.80,1377.10,1400.85,14-08-2019,126.70,130.30,126.25,120.13,14-08-2019,55.43,55.45,54.42,54.55
16-08-2019,521.50,562.50,498.00,515.42,16-08-2019,79.00,81.45,76.85,79.45,16-08-2019,1380.00,1445.00,1375.00,1439.10,16-08-2019,128.70,131.45,124.25,122.88,15-08-2019,54.60,54.99,54.49,54.87
19-08-2019,561.70,572.65,530.90,509.82,19-08-2019,79.45,80.75,76.00,76.65,19-08-2019,1442.00,1457.90,1430.55,1442.50,19-08-2019,130.45,130.90,126.60,120.65,16-08-2019,55.01,55.38,54.65,55.25
20-08-2019,539.00,540.20,505.25,495.14,20-08-2019,76.95,76.95,70.50,71.20,20-08-2019,1451.00,1451.95,1388.10,1404.85,20-08-2019,127.50,128.60,125.90,120.70,19-08-2019,55.15,55.38,54.44,54.44
21-08-2019,520.00,520.80,471.65,459.20,21-08-2019,71.20,71.50,64.55,65.40,21-08-2019,1412.50,1412.85,1357.85,1367.20,21-08-2019,127.90,128.45,122.05,116.10,20-08-2019,54.85,54.93,54.46,54.70
22-08-2019,470.00,470.00,438.30,427.86,22-08-2019,66.40,67.70,53.20,56.30,22-08-2019,1365.95,1365.95,1330.05,1335.65,22-08-2019,122.00,124.70,119.75,114.35,21-08-2019,55.00,55.00,54.65,54.67
23-08-2019,449.95,479.60,436.00,444.29,23-08-2019,56.40,61.25,54.75,59.25,23-08-2019,1339.60,1343.65,1280.10,1310.50,23-08-2019,120.70,126.15,119.50,117.90,22-08-2019,53.96,54.00,52.65,52.68
26-08-2019,496.00,507.00,466.15,463.19,26-08-2019,62.95,64.70,57.35,62.90,26-08-2019,1346.05,1354.90,1267.25,1348.50,26-08-2019,126.80,126.95,123.20,119.80,23-08-2019,53.38,54.17,52.87,53.07
27-08-2019,496.00,499.85,468.00,447.76,27-08-2019,62.90,65.35,62.50,64.50,27-08-2019,1360.00,1401.70,1355.25,1386.10,27-08-2019,128.00,131.45,126.55,123.40,26-08-2019,54.53,54.59,53.38,53.50
28-08-2019,465.05,473.35,447.50,434.22,28-08-2019,64.50,65.15,58.05,59.50,28-08-2019,1379.00,1406.50,1353.70,1365.85,28-08-2019,130.80,133.60,127.50,121.36,27-08-2019,53.65,54.28,53.65,54.00
29-08-2019,432.00,455.70,420.80,426.67,29-08-2019,59.25,59.30,55.00,57.40,29-08-2019,1357.00,1381.00,1338.00,1350.55,29-08-2019,127.15,129.40,126.50,121.79,28-08-2019,53.83,53.83,53.17,53.47
30-08-2019,450.00,461.40,435.00,432.42,30-08-2019,58.25,60.95,55.50,59.95,30-08-2019,1359.05,1401.65,1330.15,1395.75,30-08-2019,129.65,133.10,125.20,123.02,29-08-2019,53.31,53.65,53.10,53.47
03-09-2019,445.00,464.55,435.00,431.66,03-09-2019,59.25,62.30,57.65,58.75,03-09-2019,1380.00,1387.95,1335.60,1343.95,03-09-2019,128.55,130.45,126.05,120.18,30-08-2019,53.92,54.24,53.76,53.90
04-09-2019,447.00,466.00,442.85,435.22,04-09-2019,58.35,60.30,57.25,59.45,04-09-2019,1339.00,1343.95,1296.55,1317.60,04-09-2019,127.00,129.65,125.05,120.65,03-09-2019,53.32,53.37,52.47,52.51
05-09-2019,458.30,468.60,443.05,425.39,05-09-2019,59.70,62.35,58.85,61.95,05-09-2019,1327.00,1335.00,1303.45,1308.10,05-09-2019,126.10,132.25,126.00,124.11,04-09-2019,53.46,53.46,52.67,52.67
06-09-2019,422.00,438.00,405.00,404.26,06-09-2019,61.30,62.15,59.60,60.40,06-09-2019,1321.10,1340.00,1311.30,1331.10,06-09-2019,131.70,132.05,129.25,124.49,05-09-2019,53.01,53.18,51.47,51.79
09-09-2019,429.95,434.40,421.10,403.22,09-09-2019,60.10,64.10,59.85,63.10,09-09-2019,1330.00,1340.95,1308.00,1335.00,09-09-2019,131.65,132.70,130.20,125.25,06-09-2019,51.99,52.79,51.99,52.15
11-09-2019,425.15,437.70,422.15,409.72,11-09-2019,66.00,75.45,65.00,71.60,11-09-2019,1340.60,1380.00,1340.00,1372.15,11-09-2019,130.30,132.00,128.15,121.74,09-09-2019,52.17,52.88,52.00,52.17
12-09-2019,435.35,458.95,435.20,426.77,12-09-2019,71.80,72.20,67.15,67.95,12-09-2019,1379.00,1412.00,1375.40,1390.25,12-09-2019,129.35,129.70,125.40,119.18,10-09-2019,52.34,52.34,51.62,51.87
13-09-2019,451.00,454.45,432.00,419.98,13-09-2019,67.00,69.50,64.10,68.55,13-09-2019,1389.00,1406.70,1371.00,1398.60,13-09-2019,125.75,129.95,123.65,122.50,11-09-2019,52.24,52.61,52.03,52.50
16-09-2019,445.00,456.70,430.75,413.33,16-09-2019,67.60,68.20,65.95,67.05,16-09-2019,1380.05,1395.00,1365.00,1375.95,16-09-2019,130.40,132.65,128.60,122.93,12-09-2019,53.10,53.16,52.33,52.46
17-09-2019,425.00,437.30,420.65,407.54,17-09-2019,67.10,68.80,64.65,65.10,17-09-2019,1376.00,1384.90,1325.25,1332.60,17-09-2019,129.45,133.30,129.00,125.01,13-09-2019,52.75,53.04,52.38,52.49
18-09-2019,436.00,438.70,411.35,398.14,18-09-2019,66.00,66.45,61.70,64.10,18-09-2019,1340.00,1349.00,1321.80,1330.40,18-09-2019,133.10,135.75,131.65,127.90,16-09-2019,52.04,52.29,51.69,51.92
19-09-2019,420.90,422.60,379.15,374.87,19-09-2019,64.70,64.80,53.00,54.10,19-09-2019,1332.90,1333.30,1278.15,1282.25,19-09-2019,135.70,135.70,130.80,126.10,17-09-2019,51.50,52.17,51.28,51.93
20-09-2019,402.00,434.00,395.35,406.83,20-09-2019,53.70,59.90,52.70,55.50,20-09-2019,1289.00,1454.40,1271.50,1419.60,20-09-2019,132.50,136.95,130.80,127.67,18-09-2019,51.50,51.87,51.08,51.46
23-09-2019,437.95,450.00,428.55,415.66,23-09-2019,57.00,57.50,52.90,55.45,23-09-2019,1462.00,1548.15,1462.00,1511.55,23-09-2019,139.00,148.75,137.45,133.92,19-09-2019,51.26,51.76,51.03,51.28
24-09-2019,437.50,444.40,427.20,413.09,24-09-2019,54.90,57.65,53.55,56.05,24-09-2019,1505.00,1527.00,1496.35,1516.30,24-09-2019,141.30,142.60,136.30,131.98,20-09-2019,56.04,56.49,55.76,56.09
25-09-2019,426.00,433.80,419.30,402.55,25-09-2019,55.90,56.85,53.10,53.70,25-09-2019,1509.00,1521.05,1492.55,1503.90,25-09-2019,138.55,138.55,134.20,129.32,23-09-2019,58.50,59.24,57.73,59.18
26-09-2019,427.15,436.65,405.00,392.91,26-09-2019,53.90,54.25,50.55,51.05,26-09-2019,1507.00,1554.75,1507.00,1548.00,26-09-2019,137.10,138.20,135.60,129.94,24-09-2019,58.80,59.29,57.85,57.91
27-09-2019,410.75,414.50,383.40,370.46,27-09-2019,50.00,52.90,48.40,48.75,27-09-2019,1539.60,1545.00,1470.85,1480.80,27-09-2019,136.50,136.95,132.50,127.14,25-09-2019,57.50,57.52,56.72,57.51
30-09-2019,360.60,361.90,240.05,243.01,30-09-2019,48.25,49.10,40.95,41.40,30-09-2019,1475.80,1475.80,1346.15,1383.55,30-09-2019,134.80,135.25,132.40,127.48,26-09-2019,58.74,59.43,58.34,59.02
01-10-2019,253.00,283.90,225.65,254.12,01-10-2019,42.00,44.30,29.00,32.00,01-10-2019,1397.00,1410.20,1188.05,1298.05,01-10-2019,134.10,136.50,130.65,125.96,27-09-2019,59.74,59.75,57.79,58.25
03-10-2019,277.00,306.10,252.15,252.75,03-10-2019,35.20,43.45,35.20,42.50,03-10-2019,1295.00,1309.45,1220.00,1255.50,03-10-2019,133.00,133.70,130.85,124.82,30-09-2019,57.81,58.00,56.78,57.05
04-10-2019,266.20,272.00,241.55,232.90,04-10-2019,45.00,45.90,40.95,42.15,04-10-2019,1280.00,1292.95,1255.25,1265.30,04-10-2019,132.00,133.80,129.80,125.25,01-10-2019,57.43,57.53,56.64,57.42
07-10-2019,245.25,247.70,213.50,222.45,07-10-2019,45.95,46.80,42.80,45.65,07-10-2019,1275.00,1276.00,1215.00,1241.05,07-10-2019,132.00,132.70,129.00,123.40,02-10-2019,56.77,57.00,56.32,56.47
09-10-2019,239.00,246.65,232.05,227.72,09-10-2019,45.45,45.45,41.05,43.25,09-10-2019,1241.00,1319.00,1235.60,1308.65,09-10-2019,130.00,132.65,128.40,125.20,03-10-2019,56.72,57.64,56.47,57.62
10-10-2019,229.00,240.75,185.30,185.51,10-10-2019,41.70,42.70,40.15,40.95,10-10-2019,1310.00,1321.00,1220.00,1228.50,10-10-2019,131.40,132.10,126.40,120.70,04-10-2019,55.85,56.00,54.66,55.22
11-10-2019,190.55,218.00,176.50,199.33,11-10-2019,41.00,42.00,37.00,39.60,11-10-2019,1235.95,1253.95,1191.35,1223.20,11-10-2019,127.25,128.65,124.55,118.42,07-10-2019,54.93,55.84,54.85,55.81
14-10-2019,211.00,215.60,193.60,187.84,14-10-2019,39.90,41.50,38.80,40.10,14-10-2019,1240.00,1264.90,1227.90,1250.60,14-10-2019,125.50,127.75,123.55,119.28,08-10-2019,55.64,55.94,55.55,55.93
15-10-2019,187.00,196.40,182.20,179.58,15-10-2019,41.10,41.45,39.00,40.60,15-10-2019,1256.95,1277.55,1236.00,1272.25,15-10-2019,126.00,129.15,125.55,121.41,09-10-2019,56.80,57.19,56.70,56.78
16-10-2019,189.10,195.00,166.95,164.34,16-10-2019,40.60,42.05,39.80,41.05,16-10-2019,1274.95,1285.00,1265.00,1274.50,16-10-2019,128.00,128.00,126.00,120.18,10-10-2019,56.33,56.43,55.74,56.42
17-10-2019,168.45,204.00,165.80,187.98,17-10-2019,41.90,48.20,40.70,47.40,17-10-2019,1276.00,1345.00,1270.00,1340.10,17-10-2019,126.70,129.05,125.85,122.03,11-10-2019,56.59,56.84,55.87,56.04
18-10-2019,198.00,259.95,196.50,219.56,18-10-2019,46.60,52.70,46.00,51.40,18-10-2019,1332.00,1361.70,1317.10,1342.65,18-10-2019,128.50,130.40,127.80,122.78,14-10-2019,55.84,55.98,55.36,55.81
22-10-2019,239.00,252.00,205.35,207.02,22-10-2019,53.00,56.60,50.25,51.80,22-10-2019,1340.00,1357.85,1320.00,1341.00,22-10-2019,129.55,130.95,128.80,122.74,15-10-2019,56.21,57.26,55.78,57.03
23-10-2019,218.00,224.90,202.10,195.77,23-10-2019,51.80,53.50,49.20,51.20,23-10-2019,1339.00,1347.95,1309.65,1332.60,23-10-2019,129.90,129.90,128.10,121.93,16-10-2019,56.92,57.55,56.54,57.33
24-10-2019,210.00,219.00,196.05,190.21,24-10-2019,51.20,52.55,47.45,48.30,24-10-2019,1340.20,1347.85,1272.00,1283.00,24-10-2019,129.10,129.10,123.35,117.38,17-10-2019,57.53,58.23,57.53,57.70
25-10-2019,203.00,206.40,181.35,176.78,25-10-2019,48.65,54.30,45.75,52.15,25-10-2019,1288.00,1288.00,1260.10,1272.05,25-10-2019,123.80,124.80,122.35,116.62,18-10-2019,57.84,58.09,56.97,57.07
27-10-2019,203.00,206.40,181.35,176.78,27-10-2019,48.65,54.30,45.75,52.15,27-10-2019,1288.00,1288.00,1260.10,1272.05,27-10-2019,123.80,124.80,122.35,116.62,21-10-2019,57.27,58.78,57.13,58.61
29-10-2019,189.25,233.80,186.05,207.69,29-10-2019,54.35,59.90,53.10,58.15,29-10-2019,1275.00,1326.00,1264.15,1315.30,29-10-2019,123.65,127.55,123.00,119.28,22-10-2019,58.92,59.40,58.65,58.78
30-10-2019,217.80,229.25,204.05,203.46,30-10-2019,59.10,59.45,56.00,56.80,30-10-2019,1315.00,1323.95,1282.40,1297.20,30-10-2019,127.65,134.00,125.60,126.62,23-10-2019,58.90,59.38,58.82,59.37
31-10-2019,216.15,220.00,204.05,196.24,31-10-2019,56.10,78.70,54.90,70.40,31-10-2019,1303.95,1344.00,1290.00,1313.20,31-10-2019,134.40,139.60,132.70,130.18,24-10-2019,59.33,59.95,59.17,59.93
01-11-2019,208.70,236.40,207.50,207.59,01-11-2019,71.00,71.85,65.00,66.60,01-11-2019,1328.00,1385.85,1316.20,1379.85,01-11-2019,138.00,138.70,134.70,128.09,25-10-2019,59.67,60.38,59.38,60.10
04-11-2019,218.60,228.80,214.50,207.78,04-11-2019,59.95,71.30,56.65,66.15,04-11-2019,1374.95,1393.90,1350.00,1352.30,04-11-2019,136.45,139.75,136.30,129.89,28-10-2019,60.49,60.81,60.05,60.09
05-11-2019,218.80,232.65,217.70,213.72,05-11-2019,70.30,72.00,67.20,68.30,05-11-2019,1354.00,1360.30,1315.00,1320.10,05-11-2019,136.85,138.50,135.15,130.22,29-10-2019,60.16,60.97,60.16,60.75
06-11-2019,227.30,238.60,216.10,208.35,06-11-2019,68.55,71.15,67.55,68.70,06-11-2019,1321.25,1353.60,1310.00,1343.00,06-11-2019,137.30,139.20,136.05,129.56,30-10-2019,60.75,61.26,60.48,61.23
07-11-2019,230.00,262.40,229.30,226.35,07-11-2019,68.00,69.30,66.00,66.45,07-11-2019,1350.00,1397.85,1350.00,1381.90,07-11-2019,137.25,137.35,131.30,125.20,31-10-2019,60.81,61.24,60.67,61.09
08-11-2019,237.00,260.00,228.35,229.48,08-11-2019,65.90,72.30,64.30,68.95,08-11-2019,1367.05,1453.95,1355.55,1422.80,08-11-2019,131.80,131.95,125.90,120.42,01-11-2019,61.70,61.77,60.99,61.57
11-11-2019,243.00,255.60,236.35,226.54,11-11-2019,70.00,73.55,69.15,73.00,11-11-2019,1416.00,1454.90,1407.40,1445.05,11-11-2019,126.90,130.80,125.00,123.54,04-11-2019,61.57,61.82,61.06,61.64
13-11-2019,241.00,245.60,215.20,207.26,13-11-2019,74.40,75.30,67.10,68.20,13-11-2019,1445.00,1462.45,1408.55,1414.20,13-11-2019,129.90,129.90,123.25,117.38,05-11-2019,61.75,61.95,60.93,60.99
14-11-2019,222.50,223.85,208.10,200.71,14-11-2019,68.85,70.80,67.10,68.75,14-11-2019,1399.70,1399.70,1353.20,1375.10,14-11-2019,124.50,125.00,119.60,115.44,06-11-2019,61.32,62.19,60.86,62.11
15-11-2019,212.40,218.85,207.50,199.71,15-11-2019,69.20,70.20,68.30,68.70,15-11-2019,1377.10,1388.20,1345.70,1359.00,15-11-2019,122.95,124.50,122.00,117.81,07-11-2019,62.80,63.01,62.17,62.27
18-11-2019,205.00,215.70,200.50,205.01,18-11-2019,69.25,69.25,65.40,65.85,18-11-2019,1361.40,1379.90,1359.50,1374.40,18-11-2019,123.70,125.25,121.75,118.28,08-11-2019,62.13,62.40,61.74,61.81
19-11-2019,210.20,218.00,210.05,208.94,19-11-2019,65.00,67.25,63.05,64.15,19-11-2019,1382.00,1409.00,1374.55,1392.75,19-11-2019,124.70,125.80,123.15,118.57,11-11-2019,61.91,62.40,61.81,61.85
20-11-2019,214.00,216.00,206.60,204.52,20-11-2019,62.10,66.45,62.00,65.85,20-11-2019,1402.00,1478.75,1402.00,1469.30,20-11-2019,125.20,125.35,123.80,118.00,12-11-2019,61.91,62.24,61.54,61.57
21-11-2019,209.50,235.30,204.55,227.46,21-11-2019,66.90,66.90,63.80,64.25,21-11-2019,1480.10,1502.05,1437.60,1446.15,21-11-2019,124.50,124.50,121.40,115.58,13-11-2019,61.30,61.88,61.07,61.50
22-11-2019,236.50,244.90,231.40,233.16,22-11-2019,64.25,66.15,64.00,64.80,22-11-2019,1449.95,1460.80,1437.00,1446.15,22-11-2019,122.00,122.65,121.05,115.96,14-11-2019,61.50,62.20,61.44,62.09
25-11-2019,234.00,266.00,233.20,254.87,25-11-2019,64.95,65.50,62.30,63.75,25-11-2019,1446.15,1499.15,1446.15,1496.85,25-11-2019,123.00,123.00,121.50,115.72,15-11-2019,62.30,62.48,61.72,61.96
26-11-2019,267.95,281.55,256.60,254.48,26-11-2019,64.60,67.50,62.55,63.15,26-11-2019,1495.00,1521.50,1480.50,1515.90,26-11-2019,122.10,126.10,122.10,118.47,18-11-2019,61.80,61.88,61.31,61.39
27-11-2019,265.10,270.70,259.10,263.41,27-11-2019,68.10,69.00,65.65,68.25,27-11-2019,1519.00,1537.40,1508.00,1526.35,27-11-2019,125.60,126.50,123.45,117.95,19-11-2019,61.51,61.62,61.12,61.42
28-11-2019,274.50,347.80,272.20,328.84,28-11-2019,69.00,70.65,68.35,70.05,28-11-2019,1526.00,1575.80,1520.00,1568.25,28-11-2019,125.20,126.35,124.15,119.23,20-11-2019,61.24,62.10,61.24,61.77
29-11-2019,354.45,376.70,268.10,285.37,29-11-2019,72.00,74.00,67.55,68.30,29-11-2019,1556.00,1581.60,1552.05,1569.10,29-11-2019,125.05,128.45,125.05,119.47,21-11-2019,61.90,62.01,61.43,61.69
02-12-2019,292.50,309.00,271.45,298.78,02-12-2019,69.00,69.30,63.05,64.05,02-12-2019,1592.00,1596.55,1561.20,1576.00,02-12-2019,127.85,127.85,125.40,119.99,22-11-2019,61.50,61.91,61.38,61.61
03-12-2019,306.05,312.00,284.00,285.71,03-12-2019,64.10,65.25,59.00,59.50,03-12-2019,1579.20,1580.00,1532.90,1544.70,03-12-2019,126.10,126.55,123.00,117.10,25-11-2019,62.00,62.46,61.96,62.39
04-12-2019,291.00,297.95,282.30,283.11,04-12-2019,58.55,63.45,56.65,63.00,04-12-2019,1538.40,1554.00,1523.00,1544.30,04-12-2019,123.00,124.00,122.00,116.81,26-11-2019,62.11,62.77,62.10,62.73
05-12-2019,289.35,294.25,283.00,280.07,05-12-2019,63.00,64.00,60.85,62.10,05-12-2019,1544.30,1548.90,1506.90,1509.75,05-12-2019,123.50,123.75,120.75,114.87,27-11-2019,62.72,63.47,62.47,63.39
06-12-2019,287.90,295.20,270.15,267.64,06-12-2019,60.10,60.75,55.15,56.00,06-12-2019,1517.00,1518.65,1456.00,1465.85,06-12-2019,121.30,121.70,115.85,111.03,29-11-2019,62.55,62.55,61.34,61.75
09-12-2019,275.00,277.20,254.00,254.38,09-12-2019,56.00,58.85,53.75,56.25,09-12-2019,1457.00,1484.85,1445.35,1450.00,09-12-2019,117.80,117.80,115.20,110.13,02-12-2019,61.82,62.00,61.41,61.97
10-12-2019,261.00,277.60,259.30,264.94,10-12-2019,54.80,56.35,48.55,50.55,10-12-2019,1460.00,1461.50,1408.60,1411.60,10-12-2019,115.90,116.00,110.45,105.25,03-12-2019,61.37,61.84,61.21,61.61
11-12-2019,278.00,278.50,255.20,263.61,11-12-2019,47.25,49.40,40.75,42.80,11-12-2019,1418.70,1432.00,1396.15,1420.65,11-12-2019,111.10,117.65,110.55,111.17,04-12-2019,61.87,62.60,61.87,62.38
12-12-2019,273.00,295.55,265.10,286.11,12-12-2019,43.15,48.80,42.80,45.35,12-12-2019,1424.25,1451.00,1421.20,1444.15,12-12-2019,117.40,120.15,116.90,112.74,05-12-2019,62.23,62.51,61.80,62.43
13-12-2019,293.00,315.40,292.10,303.59,13-12-2019,45.50,47.65,45.40,46.65,13-12-2019,1449.75,1493.95,1449.75,1485.40,13-12-2019,119.00,120.90,118.40,113.54,06-12-2019,62.40,62.41,61.56,62.39
16-12-2019,313.00,319.70,303.60,304.28,16-12-2019,47.25,48.00,45.95,46.80,16-12-2019,1504.50,1507.00,1483.25,1493.40,16-12-2019,119.80,122.40,119.10,114.87,09-12-2019,62.30,62.45,61.95,62.30
17-12-2019,313.00,314.80,303.25,299.66,17-12-2019,47.40,48.20,46.85,47.60,17-12-2019,1500.10,1508.50,1486.20,1492.75,17-12-2019,120.60,120.65,118.30,113.54,10-12-2019,62.65,63.22,62.48,62.98
18-12-2019,305.00,308.40,297.50,296.91,18-12-2019,48.00,48.20,46.00,46.75,18-12-2019,1501.00,1504.00,1490.00,1500.80,18-12-2019,120.20,120.30,116.60,111.22,11-12-2019,62.98,63.20,62.55,63.19
19-12-2019,304.10,305.80,292.15,288.66,19-12-2019,46.00,51.40,44.95,49.90,19-12-2019,1493.00,1505.80,1478.20,1489.90,19-12-2019,117.30,117.95,115.55,111.55,12-12-2019,63.78,63.96,63.32,63.44
20-12-2019,292.85,306.50,288.75,294.06,20-12-2019,49.50,53.50,48.30,51.40,20-12-2019,1490.50,1508.50,1482.50,1487.95,20-12-2019,117.50,120.00,116.50,113.31,13-12-2019,63.71,64.00,63.39,63.45
23-12-2019,300.00,306.50,293.25,290.67,23-12-2019,50.75,52.30,48.70,49.65,23-12-2019,1488.00,1501.50,1479.35,1496.30,23-12-2019,118.70,121.70,118.10,114.30,16-12-2019,63.20,63.44,62.53,63.26
24-12-2019,296.90,313.50,296.25,304.57,24-12-2019,50.15,52.00,50.05,51.20,24-12-2019,1495.00,1532.00,1495.00,1521.85,24-12-2019,120.30,121.20,119.35,113.50,17-12-2019,63.89,64.50,63.82,64.37
26-12-2019,312.00,319.80,293.70,291.90,26-12-2019,51.00,51.60,48.25,48.65,26-12-2019,1517.10,1529.60,1504.65,1515.40,26-12-2019,119.70,120.35,117.60,111.93,18-12-2019,65.00,65.38,64.59,64.75
27-12-2019,297.90,307.40,294.30,295.68,27-12-2019,49.50,49.75,47.65,48.00,27-12-2019,1524.70,1540.00,1512.10,1524.90,27-12-2019,118.30,119.20,118.00,112.36,19-12-2019,64.59,64.81,64.12,64.15
30-12-2019,301.95,309.30,300.00,301.43,30-12-2019,47.90,48.95,46.65,47.35,30-12-2019,1524.90,1552.50,1518.05,1531.40,30-12-2019,118.55,120.45,118.35,112.69,20-12-2019,64.81,64.84,64.28,64.40
31-12-2019,306.85,316.90,305.40,307.67,31-12-2019,47.30,48.05,46.35,46.95,31-12-2019,1531.40,1534.80,1505.00,1510.00,31-12-2019,118.90,122.30,118.80,114.73,23-12-2019,64.41,64.49,63.64,63.77
01-01-2020,315.00,318.30,310.65,307.18,01-01-2020,46.95,47.50,46.50,46.65,01-01-2020,1512.00,1523.95,1480.80,1484.30,01-01-2020,121.40,121.80,119.75,114.87,24-12-2019,63.45,63.85,63.28,63.78
02-01-2020,314.00,328.60,310.30,319.41,02-01-2020,46.80,48.50,46.40,47.35,02-01-2020,1491.75,1534.30,1486.10,1529.00,02-01-2020,121.50,123.95,120.65,117.10,26-12-2019,62.99,63.64,62.93,63.30
03-01-2020,325.50,335.80,321.05,323.78,03-01-2020,47.35,48.25,46.85,47.10,03-01-2020,1524.00,1538.00,1512.10,1528.85,03-01-2020,123.70,128.80,123.70,119.09,27-12-2019,63.64,63.69,62.97,63.11
06-01-2020,326.00,327.15,301.20,299.02,06-01-2020,46.75,46.75,45.00,45.15,06-01-2020,1515.05,1517.75,1465.45,1469.40,06-01-2020,125.00,126.25,122.85,117.86,30-12-2019,63.52,63.70,62.79,62.94
07-01-2020,310.25,317.40,303.55,302.76,07-01-2020,45.70,46.40,43.95,45.05,07-01-2020,1488.45,1508.00,1442.20,1461.65,07-01-2020,124.90,126.05,123.85,117.95,31-12-2019,62.82,63.40,62.73,63.37
08-01-2020,300.00,313.00,297.35,304.62,08-01-2020,46.25,47.20,45.30,46.05,08-01-2020,1441.00,1481.60,1439.05,1458.60,08-01-2020,123.10,124.50,122.75,117.43,02-01-2020,63.86,64.19,63.30,63.70
09-01-2020,320.00,332.80,317.00,317.00,09-01-2020,47.00,48.50,46.30,47.30,09-01-2020,1490.00,1515.95,1483.20,1507.65,09-01-2020,124.40,125.40,123.20,117.24,03-01-2020,62.93,63.09,61.96,62.01
10-01-2020,323.00,327.70,312.70,308.55,10-01-2020,47.95,48.35,43.80,44.75,10-01-2020,1510.85,1521.65,1484.20,1491.25,10-01-2020,125.10,127.75,124.25,118.80,06-01-2020,61.00,61.31,60.37,60.91
13-01-2020,316.00,319.00,308.75,307.96,13-01-2020,43.40,43.90,41.05,42.10,13-01-2020,1499.80,1547.00,1487.35,1539.65,13-01-2020,125.90,129.40,124.90,122.17,07-01-2020,61.28,61.47,60.69,60.69
14-01-2020,315.45,316.75,306.15,301.92,14-01-2020,41.75,41.75,36.55,38.55,14-01-2020,1546.00,1585.00,1470.25,1481.65,14-01-2020,129.50,132.80,128.45,123.26,08-01-2020,60.71,61.63,60.70,61.34
15-01-2020,308.00,316.45,301.60,305.95,15-01-2020,38.45,41.10,36.65,39.75,15-01-2020,1463.40,1463.40,1391.35,1400.50,15-01-2020,130.35,132.05,128.75,124.77,09-01-2020,62.05,62.54,61.97,62.52
16-01-2020,312.40,314.50,306.20,302.07,16-01-2020,40.15,40.90,39.75,39.95,16-01-2020,1405.00,1415.00,1377.10,1386.45,16-01-2020,132.95,133.35,128.35,122.03,10-01-2020,62.71,62.81,61.88,61.90
17-01-2020,306.40,311.00,303.15,299.27,17-01-2020,37.60,39.55,37.00,39.25,17-01-2020,1350.00,1377.00,1317.05,1352.25,17-01-2020,126.90,127.40,122.75,119.75,13-01-2020,62.75,63.14,62.45,62.85
20-01-2020,306.65,307.85,292.50,289.20,20-01-2020,39.50,40.20,38.45,38.65,20-01-2020,1367.90,1367.90,1323.00,1331.95,20-01-2020,126.00,129.05,124.55,121.13,14-01-2020,62.85,63.23,62.53,62.81
21-01-2020,292.80,305.80,291.55,295.83,21-01-2020,38.60,39.20,38.10,38.35,21-01-2020,1332.00,1350.00,1320.00,1336.35,21-01-2020,128.35,129.55,126.30,120.13,15-01-2020,62.92,63.14,62.15,62.46
22-01-2020,305.30,305.95,295.00,291.07,22-01-2020,38.70,39.00,38.00,38.45,22-01-2020,1346.35,1348.00,1323.00,1327.40,22-01-2020,127.20,127.90,125.50,119.33,16-01-2020,62.81,62.81,61.59,61.64
23-01-2020,296.65,317.60,296.60,306.59,23-01-2020,38.55,41.40,38.35,40.95,23-01-2020,1330.00,1339.80,1320.10,1331.80,23-01-2020,125.70,130.70,125.20,122.88,17-01-2020,61.70,61.86,61.35,61.74
24-01-2020,319.95,326.40,316.60,316.90,24-01-2020,41.20,45.00,41.10,42.80,24-01-2020,1334.00,1345.00,1307.65,1316.10,24-01-2020,129.85,131.70,129.15,122.74,21-01-2020,60.95,60.95,58.97,59.09
27-01-2020,318.30,329.70,317.05,317.25,27-01-2020,42.30,43.45,41.85,42.40,27-01-2020,1311.50,1312.00,1265.00,1271.20,27-01-2020,129.00,129.50,126.10,120.13,22-01-2020,59.59,59.97,58.80,58.90
28-01-2020,325.00,331.20,317.60,314.55,28-01-2020,42.50,43.30,41.25,41.65,28-01-2020,1281.00,1284.90,1240.25,1254.75,28-01-2020,127.00,127.45,125.20,119.56,23-01-2020,59.08,59.27,58.65,58.74
29-01-2020,324.80,328.40,313.70,309.58,29-01-2020,41.85,42.35,41.00,41.20,29-01-2020,1268.90,1276.70,1251.00,1258.25,29-01-2020,127.70,128.85,125.60,119.66,24-01-2020,59.35,59.98,59.01,59.23
30-01-2020,317.00,318.50,304.75,302.51,30-01-2020,40.80,40.85,38.55,39.05,30-01-2020,1252.00,1254.00,1221.55,1231.50,30-01-2020,126.25,126.75,123.00,116.91,27-01-2020,58.32,58.37,57.91,58.06
31-01-2020,311.90,314.00,304.50,300.99,31-01-2020,39.30,40.20,38.70,39.25,31-01-2020,1245.00,1271.60,1242.10,1258.85,31-01-2020,124.05,124.40,119.40,114.16,28-01-2020,58.20,58.43,57.47,58.00
03-02-2020,278.30,288.00,250.20,252.07,03-02-2020,37.95,38.40,35.70,36.00,03-02-2020,1222.00,1268.45,1216.05,1263.10,03-02-2020,115.10,119.50,114.00,108.52,29-01-2020,58.54,58.54,57.82,58.11
04-02-2020,260.00,283.20,257.30,271.96,04-02-2020,36.15,36.40,34.45,34.95,04-02-2020,1273.00,1284.00,1256.25,1272.65,04-02-2020,115.20,119.25,115.20,112.69,30-01-2020,57.71,57.84,57.20,57.59
05-02-2020,279.00,284.15,271.50,271.81,05-02-2020,35.10,39.70,34.05,37.60,05-02-2020,1280.00,1288.65,1265.20,1272.80,05-02-2020,119.30,121.50,118.00,114.63,31-01-2020,57.34,57.61,56.94,57.28
06-02-2020,272.90,326.40,268.20,313.32,06-02-2020,37.90,39.50,37.80,38.55,06-02-2020,1280.00,1339.40,1262.40,1334.25,06-02-2020,121.45,124.40,121.40,117.24,03-02-2020,57.21,57.71,57.07,57.56
07-02-2020,316.00,329.00,311.60,315.72,07-02-2020,38.80,39.95,38.15,38.70,07-02-2020,1345.00,1346.05,1294.75,1298.80,07-02-2020,124.00,124.60,122.15,116.58,04-02-2020,58.52,59.44,58.51,58.95
10-02-2020,316.90,328.00,315.50,317.30,10-02-2020,40.00,40.75,37.10,37.55,10-02-2020,1304.00,1304.00,1268.50,1274.95,10-02-2020,124.10,124.35,119.25,115.44,05-02-2020,59.78,59.79,58.68,58.98
11-02-2020,328.00,361.00,326.50,338.86,11-02-2020,37.75,38.10,36.70,36.85,11-02-2020,1290.00,1309.90,1285.05,1292.65,11-02-2020,123.45,129.85,123.20,122.41,06-02-2020,59.38,59.62,59.13,59.58
12-02-2020,343.35,355.45,322.35,333.75,12-02-2020,36.75,36.75,35.05,35.20,12-02-2020,1260.00,1302.90,1251.70,1277.40,12-02-2020,129.70,131.00,127.50,123.54,07-02-2020,59.22,59.42,58.73,58.76
13-02-2020,340.00,342.40,324.05,327.00,13-02-2020,36.95,38.00,36.00,37.20,13-02-2020,1281.75,1281.75,1225.25,1230.75,13-02-2020,130.00,132.50,129.40,123.50,10-02-2020,58.65,59.22,58.65,58.85
14-02-2020,329.00,334.45,318.70,320.80,14-02-2020,37.50,40.20,37.50,38.90,14-02-2020,1233.90,1241.10,1171.20,1176.00,14-02-2020,130.00,131.50,121.95,116.15,11-02-2020,59.46,60.33,59.23,59.54
17-02-2020,320.70,324.40,306.20,307.75,17-02-2020,39.50,40.10,36.60,37.15,17-02-2020,1176.00,1209.00,1164.50,1172.95,17-02-2020,122.00,122.00,117.15,118.00,12-02-2020,59.97,60.14,59.51,59.81
18-02-2020,307.95,307.95,293.30,300.05,18-02-2020,37.35,37.50,33.65,35.05,18-02-2020,1172.70,1172.70,1108.45,1140.70,18-02-2020,118.00,119.75,116.75,119.45,13-02-2020,59.65,60.06,59.20,59.73
19-02-2020,306.00,313.35,302.85,305.45,19-02-2020,34.00,36.20,33.60,35.30,19-02-2020,1155.00,1168.00,1116.00,1142.15,19-02-2020,120.00,120.90,118.75,119.85,14-02-2020,58.95,59.00,58.45,58.74
20-02-2020,304.00,359.75,301.30,338.20,20-02-2020,35.30,36.50,34.65,35.45,20-02-2020,1145.05,1203.85,1145.05,1182.20,20-02-2020,118.90,121.00,118.50,119.30,18-02-2020,58.17,58.87,57.84,58.75
24-02-2020,335.00,350.80,326.00,330.85,24-02-2020,35.50,35.90,34.15,34.95,24-02-2020,1170.00,1189.50,1146.55,1170.25,24-02-2020,118.50,119.30,116.30,116.80,19-02-2020,58.97,59.02,58.23,58.44
25-02-2020,337.50,344.00,318.35,324.70,25-02-2020,35.25,36.00,34.75,35.15,25-02-2020,1181.00,1182.80,1138.80,1153.85,25-02-2020,118.40,118.60,113.45,114.00,20-02-2020,58.02,58.46,57.60,57.97
26-02-2020,324.60,334.70,315.65,321.50,26-02-2020,34.90,37.05,34.45,36.55,26-02-2020,1145.00,1150.00,1125.20,1135.00,26-02-2020,114.00,114.10,107.60,108.05,21-02-2020,57.80,58.07,57.18,57.52
27-02-2020,326.00,328.20,308.20,316.70,27-02-2020,37.30,37.95,36.00,36.80,27-02-2020,1139.00,1139.40,1101.00,1115.55,27-02-2020,108.00,108.45,105.15,107.35,24-02-2020,56.37,57.04,56.14,56.59
28-02-2020,303.20,306.30,275.85,279.85,28-02-2020,35.15,35.85,34.30,34.60,28-02-2020,1100.00,1118.00,1085.05,1104.05,28-02-2020,102.00,108.50,102.00,104.40,25-02-2020,57.24,57.41,55.70,55.72
02-03-2020,307.80,349.75,279.00,284.40,02-03-2020,35.20,35.55,29.80,31.55,02-03-2020,1130.00,1136.95,1070.05,1079.25,02-03-2020,106.00,107.35,98.70,99.65,26-02-2020,56.11,56.76,55.39,55.43
03-03-2020,295.00,303.80,283.40,292.55,03-03-2020,32.45,33.30,30.50,31.20,03-03-2020,1085.00,1117.95,1073.00,1108.05,03-03-2020,100.90,103.80,99.50,103.20,27-02-2020,55.48,55.83,54.82,54.99
04-03-2020,296.00,297.85,270.45,282.90,04-03-2020,31.50,31.70,28.70,29.30,04-03-2020,1114.45,1114.45,1051.00,1065.95,04-03-2020,103.95,106.90,102.40,106.05,28-02-2020,54.03,55.14,53.36,54.85
05-03-2020,288.90,300.00,280.30,285.45,05-03-2020,29.40,37.85,28.00,36.80,05-03-2020,1075.00,1094.95,1063.00,1075.00,05-03-2020,109.85,111.25,105.90,106.80,02-03-2020,53.74,54.72,53.72,54.65
06-03-2020,256.95,258.90,243.20,254.50,06-03-2020,33.15,33.15,5.65,16.15,06-03-2020,998.00,1030.95,913.80,1014.80,06-03-2020,104.00,108.70,102.05,107.80,03-03-2020,54.58,55.35,53.27,53.72
09-03-2020,229.05,229.05,203.80,213.65,09-03-2020,17.00,22.80,16.20,21.25,09-03-2020,950.00,969.95,887.05,903.10,09-03-2020,103.60,104.85,99.50,100.45,04-03-2020,53.05,53.28,52.67,52.98
11-03-2020,206.65,218.95,186.50,195.55,11-03-2020,23.35,29.60,23.35,28.80,11-03-2020,889.90,929.00,845.00,853.55,11-03-2020,96.65,97.55,90.00,90.50,05-03-2020,52.72,52.89,51.33,51.49
12-03-2020,176.00,176.00,131.50,163.60,12-03-2020,28.70,28.70,17.45,25.05,12-03-2020,775.20,831.95,770.00,784.65,12-03-2020,85.00,88.80,79.10,79.95,06-03-2020,50.72,51.61,50.30,51.40
13-03-2020,147.25,177.00,140.00,163.60,13-03-2020,22.55,27.70,21.35,25.55,13-03-2020,724.00,834.70,551.10,803.75,13-03-2020,75.00,91.65,65.00,84.55,09-03-2020,49.31,49.99,48.00,49.19
16-03-2020,152.10,164.70,150.00,153.60,16-03-2020,26.70,40.40,26.05,37.10,16-03-2020,747.00,758.70,655.00,664.15,16-03-2020,82.00,82.60,77.50,78.15,10-03-2020,50.28,50.81,48.96,50.69
17-03-2020,154.05,174.95,150.10,160.10,17-03-2020,40.80,64.90,40.80,58.65,17-03-2020,670.00,707.45,585.40,604.15,17-03-2020,78.50,81.00,72.95,74.65,11-03-2020,49.80,50.17,48.16,48.39
18-03-2020,164.70,170.00,113.55,135.45,18-03-2020,64.50,87.30,49.90,60.45,18-03-2020,629.00,638.85,374.80,460.80,18-03-2020,74.65,76.20,69.25,70.85,12-03-2020,44.79,45.55,43.45,44.75
19-03-2020,122.00,126.65,81.40,89.75,19-03-2020,61.65,61.80,42.80,53.85,19-03-2020,414.75,472.00,391.75,444.05,19-03-2020,68.45,72.25,65.60,69.40,13-03-2020,49.10,50.36,46.34,47.67
20-03-2020,93.00,115.50,81.00,90.80,20-03-2020,59.20,67.30,41.25,45.85,20-03-2020,444.05,478.90,405.25,440.35,20-03-2020,71.00,82.40,70.30,80.80,16-03-2020,43.00,45.43,42.89,43.14
23-03-2020,81.75,99.85,81.75,96.25,23-03-2020,41.30,49.50,39.25,39.75,23-03-2020,396.35,405.00,330.10,336.45,23-03-2020,74.00,82.00,72.75,78.00,17-03-2020,43.52,46.95,43.52,46.74
24-03-2020,105.00,105.85,88.15,90.20,24-03-2020,43.65,43.70,34.55,35.00,24-03-2020,355.05,360.00,235.55,312.35,24-03-2020,81.00,82.50,75.15,76.45,18-03-2020,40.95,41.92,38.53,41.22
25-03-2020,85.10,97.00,83.20,95.05,25-03-2020,35.30,35.50,28.50,29.60,25-03-2020,292.00,324.00,281.15,301.30,25-03-2020,77.90,79.20,74.15,75.55,19-03-2020,39.70,40.00,35.07,36.34
26-03-2020,95.05,104.00,88.15,95.65,26-03-2020,29.35,31.00,25.20,26.60,26-03-2020,316.35,451.95,311.65,435.90,26-03-2020,75.50,76.10,72.20,73.10,20-03-2020,37.00,37.52,35.60,35.78
27-03-2020,100.00,109.95,89.25,90.90,27-03-2020,29.05,33.25,26.00,26.35,27-03-2020,479.45,538.55,392.35,411.10,27-03-2020,73.15,75.15,69.10,69.50,23-03-2020,32.67,33.00,29.50,29.96
30-03-2020,89.45,92.85,85.60,91.35,30-03-2020,27.65,27.70,24.55,24.90,30-03-2020,370.00,427.70,370.00,413.40,30-03-2020,69.40,72.50,67.55,70.85,24-03-2020,32.58,35.27,31.39,32.99
31-03-2020,94.90,99.15,92.05,96.75,31-03-2020,25.55,25.55,22.05,22.45,31-03-2020,398.00,399.00,330.75,351.30,31-03-2020,72.50,77.80,71.70,76.55,25-03-2020,34.88,37.58,34.53,37.00
01-04-2020,98.30,105.00,97.05,99.35,01-04-2020,22.00,24.65,20.25,23.95,01-04-2020,386.40,390.00,320.00,342.25,01-04-2020,76.60,78.75,74.50,75.75,26-03-2020,38.51,41.58,38.51,41.22
03-04-2020,98.50,99.00,93.50,96.65,03-04-2020,24.50,24.95,22.80,24.10,03-04-2020,350.00,350.00,310.20,313.20,03-04-2020,77.00,82.00,75.15,80.90,27-03-2020,39.37,40.66,37.07,39.31
07-04-2020,101.80,102.35,96.70,98.10,07-04-2020,25.40,25.40,23.80,24.55,07-04-2020,344.50,391.50,344.50,383.85,07-04-2020,84.00,86.45,82.55,84.50,30-03-2020,37.96,38.82,36.61,38.76
08-04-2020,96.50,102.45,95.05,96.85,08-04-2020,24.50,25.50,23.30,24.75,08-04-2020,382.00,441.40,362.00,399.15,08-04-2020,84.95,94.95,83.80,85.55,31-03-2020,39.10,39.50,37.99,38.46
09-04-2020,98.00,100.40,97.05,98.30,09-04-2020,25.00,25.30,24.50,24.90,09-04-2020,425.00,425.00,384.00,395.40,09-04-2020,88.00,90.30,86.90,87.75,01-04-2020,36.54,37.14,35.59,36.06
13-04-2020,98.00,98.45,88.50,93.85,13-04-2020,25.00,25.00,23.55,24.10,13-04-2020,388.00,421.80,371.25,410.40,13-04-2020,88.70,89.40,83.80,86.05,02-04-2020,36.06,37.59,35.77,37.57
15-04-2020,94.10,97.75,90.50,91.75,15-04-2020,24.10,25.95,23.85,24.50,15-04-2020,425.00,445.00,414.05,424.10,15-04-2020,90.00,90.00,86.10,86.60,03-04-2020,36.98,37.05,33.86,34.59
16-04-2020,90.20,110.10,90.15,106.30,16-04-2020,24.30,24.95,24.05,24.60,16-04-2020,424.10,442.00,413.25,435.40,16-04-2020,85.95,90.00,84.45,89.25,06-04-2020,36.63,38.52,36.37,36.95
17-04-2020,116.90,127.55,111.55,125.35,17-04-2020,25.10,25.50,24.70,25.10,17-04-2020,472.00,478.90,442.60,474.45,17-04-2020,91.95,91.95,88.10,89.70,07-04-2020,39.33,39.45,36.80,37.02
20-04-2020,131.75,132.90,123.10,129.00,20-04-2020,25.60,30.10,25.10,29.45,20-04-2020,479.50,481.00,453.00,456.70,20-04-2020,91.00,91.00,86.80,87.40,08-04-2020,38.21,39.18,37.28,38.84
21-04-2020,120.00,122.35,113.15,115.90,21-04-2020,29.40,30.45,27.55,29.65,21-04-2020,430.00,432.95,396.00,400.85,21-04-2020,86.00,86.90,78.70,82.50,09-04-2020,39.60,41.67,39.51,40.76
22-04-2020,114.00,117.50,108.00,115.55,22-04-2020,29.00,30.30,28.80,29.60,22-04-2020,397.00,420.50,384.60,415.90,22-04-2020,82.60,85.10,80.30,84.20,13-04-2020,40.00,40.36,38.01,39.65
23-04-2020,115.55,121.00,115.00,119.45,23-04-2020,29.60,29.90,27.85,28.30,23-04-2020,420.00,427.50,407.00,409.95,23-04-2020,84.95,88.70,82.75,83.25,14-04-2020,41.25,41.51,39.93,41.00
24-04-2020,114.00,118.40,111.00,112.95,24-04-2020,28.05,28.15,26.30,26.60,24-04-2020,392.25,399.90,380.00,382.90,24-04-2020,82.95,84.25,79.00,81.50,15-04-2020,38.44,39.15,38.11,38.59
27-04-2020,115.00,120.50,114.00,115.65,27-04-2020,26.80,27.70,25.90,27.05,27-04-2020,394.20,410.85,387.00,407.40,27-04-2020,82.60,84.35,81.25,81.70,16-04-2020,39.32,39.50,36.94,37.70
28-04-2020,117.65,120.00,114.60,117.10,28-04-2020,27.25,27.80,26.85,27.25,28-04-2020,445.00,484.40,430.00,468.05,28-04-2020,82.60,85.15,81.80,84.55,17-04-2020,40.84,41.34,38.72,39.97
29-04-2020,119.00,132.40,117.35,126.90,29-04-2020,27.00,29.35,26.60,28.05,29-04-2020,453.50,489.00,443.00,471.10,29-04-2020,85.00,89.80,84.40,89.10,20-04-2020,40.81,42.33,40.55,41.39
30-04-2020,130.70,134.90,127.40,132.70,30-04-2020,28.70,28.95,27.70,27.90,30-04-2020,486.25,491.85,461.60,468.15,30-04-2020,91.50,96.55,91.30,95.70,21-04-2020,39.65,40.30,38.44,38.97
04-05-2020,124.50,126.40,119.55,121.40,04-05-2020,27.50,27.65,26.60,27.05,04-05-2020,444.00,444.05,416.00,423.05,04-05-2020,92.20,95.25,89.60,93.50,22-04-2020,40.93,41.05,39.95,40.78
05-05-2020,125.00,127.20,117.40,118.90,05-05-2020,27.40,27.65,26.50,26.60,05-05-2020,433.00,438.90,415.95,418.70,05-05-2020,94.50,95.80,90.70,91.10,23-04-2020,41.00,41.84,40.67,40.88
06-05-2020,120.05,126.00,118.30,123.55,06-05-2020,26.40,26.75,25.00,26.30,06-05-2020,420.00,429.35,408.50,425.50,06-05-2020,92.00,95.00,89.70,94.70,24-04-2020,40.72,40.80,39.70,39.95
07-05-2020,125.00,130.90,123.55,125.20,07-05-2020,25.75,31.55,25.55,28.10,07-05-2020,420.00,461.50,415.50,454.35,07-05-2020,95.30,96.25,91.05,91.50,27-04-2020,40.51,40.74,40.03,40.59
08-05-2020,128.90,131.50,121.70,123.25,08-05-2020,28.10,28.80,26.65,27.05,08-05-2020,463.00,477.70,435.45,440.35,08-05-2020,94.75,94.75,90.90,91.35,28-04-2020,41.78,42.37,40.81,40.84
11-05-2020,126.00,126.40,121.15,122.50,11-05-2020,27.25,28.05,26.70,27.80,11-05-2020,450.00,458.75,428.80,433.40,11-05-2020,92.00,94.60,91.40,92.05,29-04-2020,43.65,44.92,43.39,44.91
12-05-2020,120.00,120.30,112.70,119.00,12-05-2020,27.70,28.40,26.85,27.95,12-05-2020,429.80,450.00,425.00,446.20,12-05-2020,91.95,94.10,88.25,88.70,30-04-2020,44.85,44.85,42.67,43.35
13-05-2020,129.00,139.65,125.35,136.60,13-05-2020,29.00,29.45,28.10,28.65,13-05-2020,475.00,480.00,444.50,448.60,13-05-2020,92.00,92.00,87.25,89.35,01-05-2020,42.25,42.32,41.41,42.10
14-05-2020,135.00,144.90,130.05,131.40,14-05-2020,28.40,28.80,27.90,28.20,14-05-2020,439.00,442.00,425.00,428.00,14-05-2020,89.25,89.25,85.10,85.45,04-05-2020,40.52,40.96,39.85,40.70
15-05-2020,132.00,134.80,128.55,133.45,15-05-2020,28.20,29.00,27.30,28.70,15-05-2020,430.40,431.00,417.10,418.70,15-05-2020,86.10,86.80,84.75,85.80,05-05-2020,40.65,41.66,40.62,40.76
18-05-2020,131.90,131.90,117.20,118.95,18-05-2020,28.65,28.65,26.80,27.55,18-05-2020,418.50,418.70,374.05,376.75,18-05-2020,86.10,86.75,80.50,81.00,06-05-2020,41.57,41.69,40.70,40.74
19-05-2020,122.05,124.60,117.80,120.40,19-05-2020,27.70,28.00,27.10,27.40,19-05-2020,385.10,387.00,361.00,367.80,19-05-2020,82.50,83.35,80.65,81.85,07-05-2020,40.76,41.63,40.17,40.31
20-05-2020,119.40,125.80,118.55,124.25,20-05-2020,27.15,27.60,27.10,27.15,20-05-2020,364.00,370.85,350.80,357.30,20-05-2020,81.85,86.95,81.30,86.25,08-05-2020,41.42,41.67,40.25,40.59
21-05-2020,124.25,126.65,120.45,121.80,21-05-2020,27.20,27.60,26.80,26.90,21-05-2020,362.30,364.00,343.20,346.80,21-05-2020,86.40,88.20,85.50,87.95,11-05-2020,40.18,40.20,38.49,38.52
22-05-2020,121.35,123.65,114.50,115.65,22-05-2020,26.95,27.00,26.00,26.55,22-05-2020,342.00,353.70,330.00,338.35,22-05-2020,87.25,87.70,85.00,87.20,12-05-2020,39.59,41.75,38.45,40.38
,,,,,,,,,,,,,,,,,,,,13-05-2020,40.62,40.62,37.92,37.98
,,,,,,,,,,,,,,,,,,,,14-05-2020,37.36,38.41,36.51,37.59
,,,,,,,,,,,,,,,,,,,,15-05-2020,37.08,37.31,36.28,36.44
,,,,,,,,,,,,,,,,,,,,18-05-2020,36.71,36.99,36.44,36.53
,,,,,,,,,,,,,,,,,,,,19-05-2020,36.75,36.83,35.65,35.87
,,,,,,,,,,,,,,,,,,,,20-05-2020,36.73,37.96,36.60,37.77
,,,,,,,,,,,,,,,,,,,,21-05-2020,37.58,38.04,37.20,37.20
,,,,,,,,,,,,,,,,,,,,22-05-2020,36.42,36.70,36.33,36.57
